{"test_metrics": {"unseen__f1": 0.0, "unseen__pr": 0.0, "unseen__rec": 0.0, "unseen__ner_f1": 0.527651846408844, "unseen__ner_pr": 0.40961191058158875, "unseen__ner_rec": 0.7412663698196411, "unseen__macro_f1": 0.0, "unseen__macro_pr": 0.0, "unseen__macro_rec": 0.0, "unseen__macro_ner_f1": 0.5455171465873718, "unseen__macro_ner_pr": 0.48102542757987976, "unseen__macro_ner_rec": 0.7019877433776855, "unseen__samples_per_s": 493.35924050587425, "unseen__samples_total_num": 2226, "unseen__samples_total_s": 4.511925220489502, "unseen__organization_pr": 0.39891695976257324, "unseen__organization_rec": 0.5710594058036804, "unseen__organization_f1": 0.4697130620479584, "unseen__location_pr": 0.302164763212204, "unseen__location_rec": 0.8278418183326721, "unseen__location_f1": 0.4427312910556793, "unseen__person_pr": 0.7419945001602173, "unseen__person_rec": 0.7070618867874146, "unseen__person_f1": 0.7241071462631226, "seen__f1": 0.0, "seen__pr": 0.0, "seen__rec": 0.0, "seen__ner_f1": 0.827860414981842, "seen__ner_pr": 0.73975670337677, "seen__ner_rec": 0.9397873282432556, "seen__macro_f1": 0.0, "seen__macro_pr": 0.0, "seen__macro_rec": 0.0, "seen__macro_ner_f1": 0.6976118683815002, "seen__macro_ner_pr": 0.5815271735191345, "seen__macro_ner_rec": 0.9101369380950928, "seen__samples_per_s": 508.0808183239564, "seen__samples_total_num": 4664, "seen__samples_total_s": 9.179641962051392, "seen__organization_pr": 0.4953846037387848, "seen__organization_rec": 0.8679245114326477, "seen__organization_f1": 0.6307541131973267, "seen__location_pr": 0.8230077624320984, "seen__location_rec": 0.946151614189148, "seen__location_f1": 0.8802939057350159, "seen__person_pr": 0.42618900537490845, "seen__person_rec": 0.9163346886634827, "seen__person_f1": 0.5817875266075134}, "test_metrics_bounds": {"unseen__f1": 0.0, "unseen__pr": 0.0, "unseen__rec": 0.0, "unseen__ner_f1": 0.5649527311325073, "unseen__ner_pr": 0.43856826424598694, "unseen__ner_rec": 0.7936681509017944, "unseen__macro_f1": 0.0, "unseen__macro_pr": 0.0, "unseen__macro_rec": 0.0, "unseen__macro_ner_f1": 0.5649527311325073, "unseen__macro_ner_pr": 0.43856826424598694, "unseen__macro_ner_rec": 0.7936681509017944, "unseen__samples_per_s": 493.35924050587425, "unseen__samples_total_num": 2226, "unseen__samples_total_s": 4.511925220489502, "seen__f1": 0.0, "seen__pr": 0.0, "seen__rec": 0.0, "seen__ner_f1": 0.8334150314331055, "seen__ner_pr": 0.7447202205657959, "seen__ner_rec": 0.946092963218689, "seen__macro_f1": 0.0, "seen__macro_pr": 0.0, "seen__macro_rec": 0.0, "seen__macro_ner_f1": 0.8334150314331055, "seen__macro_ner_pr": 0.7447202205657959, "seen__macro_ner_rec": 0.946092963218689, "seen__samples_per_s": 508.0808183239564, "seen__samples_total_num": 4664, "seen__samples_total_s": 9.179641962051392}}