{"test_metrics": {"seen__f1": 0.0, "seen__pr": 0.0, "seen__rec": 0.0, "seen__ner_f1": 0.8346413373947144, "seen__ner_pr": 0.7537668347358704, "seen__ner_rec": 0.9349563717842102, "seen__macro_f1": 0.0, "seen__macro_pr": 0.0, "seen__macro_rec": 0.0, "seen__macro_ner_f1": 0.7184174656867981, "seen__macro_ner_pr": 0.6237565875053406, "seen__macro_ner_rec": 0.8831811547279358, "seen__samples_per_s": 583.3424486685993, "seen__samples_total_num": 4672, "seen__samples_total_s": 8.009017705917358, "seen__organization_pr": 0.6182212829589844, "seen__organization_rec": 0.7894737124443054, "seen__organization_f1": 0.6934306621551514, "seen__location_pr": 0.8312389850616455, "seen__location_rec": 0.9445951581001282, "seen__location_f1": 0.8842992186546326, "seen__person_pr": 0.42180946469306946, "seen__person_rec": 0.9154746532440186, "seen__person_f1": 0.5775225758552551, "unseen__f1": 0.0, "unseen__pr": 0.0, "unseen__rec": 0.0, "unseen__ner_f1": 0.5242297053337097, "unseen__ner_pr": 0.414022296667099, "unseen__ner_rec": 0.7143914103507996, "unseen__macro_f1": 0.0, "unseen__macro_pr": 0.0, "unseen__macro_rec": 0.0, "unseen__macro_ner_f1": 0.5500914454460144, "unseen__macro_ner_pr": 0.5209740996360779, "unseen__macro_ner_rec": 0.6615492701530457, "unseen__samples_per_s": 590.5008631248468, "unseen__samples_total_num": 2199, "unseen__samples_total_s": 3.7239573001861572, "unseen__organization_pr": 0.529411792755127, "unseen__organization_rec": 0.4760705232620239, "unseen__organization_f1": 0.5013262629508972, "unseen__location_pr": 0.29478877782821655, "unseen__location_rec": 0.8136170506477356, "unseen__location_f1": 0.43277502059936523, "unseen__person_pr": 0.7387217879295349, "unseen__person_rec": 0.6949602365493774, "unseen__person_f1": 0.7161731123924255}, "test_metrics_bounds": {"seen__f1": 0.0, "seen__pr": 0.0, "seen__rec": 0.0, "seen__ner_f1": 0.838529109954834, "seen__ner_pr": 0.7573114037513733, "seen__ner_rec": 0.9392598271369934, "seen__macro_f1": 0.0, "seen__macro_pr": 0.0, "seen__macro_rec": 0.0, "seen__macro_ner_f1": 0.838529109954834, "seen__macro_ner_pr": 0.7573114037513733, "seen__macro_ner_rec": 0.9392598271369934, "seen__samples_per_s": 583.3424486685993, "seen__samples_total_num": 4672, "seen__samples_total_s": 8.009017705917358, "unseen__f1": 0.0, "unseen__pr": 0.0, "unseen__rec": 0.0, "unseen__ner_f1": 0.5555254220962524, "unseen__ner_pr": 0.43877333402633667, "unseen__ner_rec": 0.7569367289543152, "unseen__macro_f1": 0.0, "unseen__macro_pr": 0.0, "unseen__macro_rec": 0.0, "unseen__macro_ner_f1": 0.5555254220962524, "unseen__macro_ner_pr": 0.43877333402633667, "unseen__macro_ner_rec": 0.7569367289543152, "unseen__samples_per_s": 590.5008631248468, "unseen__samples_total_num": 2199, "unseen__samples_total_s": 3.7239573001861572}}