{"test_metrics": {"unseen__f1": 0.0, "unseen__pr": 0.0, "unseen__rec": 0.0, "unseen__ner_f1": 0.5650060772895813, "unseen__ner_pr": 0.5744286775588989, "unseen__ner_rec": 0.5558876395225525, "unseen__macro_f1": 0.0, "unseen__macro_pr": 0.0, "unseen__macro_rec": 0.0, "unseen__macro_ner_f1": 0.5374600887298584, "unseen__macro_ner_pr": 0.574150800704956, "unseen__macro_ner_rec": 0.5177498459815979, "unseen__samples_per_s": 462.92147917936313, "unseen__samples_total_num": 529, "unseen__samples_total_s": 1.142742395401001, "unseen__task_pr": 0.5109034180641174, "unseen__task_rec": 0.6259542107582092, "unseen__task_f1": 0.5626071691513062, "unseen__method_pr": 0.7128463387489319, "unseen__method_rec": 0.6658823490142822, "unseen__method_f1": 0.6885644793510437, "unseen__material_pr": 0.5503355860710144, "unseen__material_rec": 0.5189873576164246, "unseen__material_f1": 0.534201979637146, "unseen__otherscientificterm_pr": 0.5393258333206177, "unseen__otherscientificterm_rec": 0.5570599436759949, "unseen__otherscientificterm_f1": 0.5480495095252991, "unseen__metric_pr": 0.6428571343421936, "unseen__metric_rec": 0.3802816867828369, "unseen__metric_f1": 0.47787612676620483, "unseen__generic_pr": 0.4886363744735718, "unseen__generic_rec": 0.3583333194255829, "unseen__generic_f1": 0.41346150636672974, "seen__f1": 0.0, "seen__pr": 0.0, "seen__rec": 0.0, "seen__ner_f1": 0.0, "seen__ner_pr": 0.0, "seen__ner_rec": 0.0, "seen__macro_f1": 0.0, "seen__macro_pr": 0.0, "seen__macro_rec": 0.0, "seen__macro_ner_f1": 0.0, "seen__macro_ner_pr": 0.0, "seen__macro_ner_rec": 0.0, "seen__samples_per_s": 0.0, "seen__samples_total_num": 0, "seen__samples_total_s": 0.0, "seen__task_pr": 0.0, "seen__task_rec": 0.0, "seen__task_f1": 0.0, "seen__method_pr": 0.0, "seen__method_rec": 0.0, "seen__method_f1": 0.0, "seen__material_pr": 0.0, "seen__material_rec": 0.0, "seen__material_f1": 0.0, "seen__otherscientificterm_pr": 0.0, "seen__otherscientificterm_rec": 0.0, "seen__otherscientificterm_f1": 0.0, "seen__metric_pr": 0.0, "seen__metric_rec": 0.0, "seen__metric_f1": 0.0, "seen__generic_pr": 0.0, "seen__generic_rec": 0.0, "seen__generic_f1": 0.0}, "test_metrics_bounds": {"unseen__f1": 0.0, "unseen__pr": 0.0, "unseen__rec": 0.0, "unseen__ner_f1": 0.7209726572036743, "unseen__ner_pr": 0.7334570288658142, "unseen__ner_rec": 0.7089061737060547, "unseen__macro_f1": 0.0, "unseen__macro_pr": 0.0, "unseen__macro_rec": 0.0, "unseen__macro_ner_f1": 0.7209726572036743, "unseen__macro_ner_pr": 0.7334570288658142, "unseen__macro_ner_rec": 0.7089061737060547, "unseen__samples_per_s": 462.92147917936313, "unseen__samples_total_num": 529, "unseen__samples_total_s": 1.142742395401001, "seen__f1": 0.0, "seen__pr": 0.0, "seen__rec": 0.0, "seen__ner_f1": 0.0, "seen__ner_pr": 0.0, "seen__ner_rec": 0.0, "seen__macro_f1": 0.0, "seen__macro_pr": 0.0, "seen__macro_rec": 0.0, "seen__macro_ner_f1": 0.0, "seen__macro_ner_pr": 0.0, "seen__macro_ner_rec": 0.0, "seen__samples_per_s": 0.0, "seen__samples_total_num": 0, "seen__samples_total_s": 0.0}}