{"test_metrics": {"seen__f1": 0.0, "seen__pr": 0.0, "seen__rec": 0.0, "seen__ner_f1": 0.7323006391525269, "seen__ner_pr": 0.6183784008026123, "seen__ner_rec": 0.8976773619651794, "seen__macro_f1": 0.0, "seen__macro_pr": 0.0, "seen__macro_rec": 0.0, "seen__macro_ner_f1": 0.5159096121788025, "seen__macro_ner_pr": 0.39889994263648987, "seen__macro_ner_rec": 0.8519428372383118, "seen__samples_per_s": 492.07330287863454, "seen__samples_total_num": 4125, "seen__samples_total_s": 8.38289737701416, "seen__organization_pr": 0.20000000298023224, "seen__organization_rec": 0.7571428418159485, "seen__organization_f1": 0.3164179027080536, "seen__location_pr": 0.7051299214363098, "seen__location_rec": 0.901066780090332, "seen__location_f1": 0.7911473512649536, "seen__person_pr": 0.2915699779987335, "seen__person_rec": 0.8976190686225891, "seen__person_f1": 0.44016343355178833, "unseen__f1": 0.0, "unseen__pr": 0.0, "unseen__rec": 0.0, "unseen__ner_f1": 0.5956177115440369, "unseen__ner_pr": 0.4807983338832855, "unseen__ner_rec": 0.7824820876121521, "unseen__macro_f1": 0.0, "unseen__macro_pr": 0.0, "unseen__macro_rec": 0.0, "unseen__macro_ner_f1": 0.632983922958374, "unseen__macro_ner_pr": 0.5696451663970947, "unseen__macro_ner_rec": 0.7550377249717712, "unseen__samples_per_s": 516.7667748691247, "unseen__samples_total_num": 3229, "unseen__samples_total_s": 6.248466730117798, "unseen__organization_pr": 0.5887096524238586, "unseen__organization_rec": 0.708737850189209, "unseen__organization_f1": 0.6431718468666077, "unseen__location_pr": 0.39546796679496765, "unseen__location_rec": 0.848267138004303, "unseen__location_f1": 0.5394436120986938, "unseen__person_pr": 0.724757969379425, "unseen__person_rec": 0.708108127117157, "unseen__person_f1": 0.7163363099098206}, "test_metrics_bounds": {"seen__f1": 0.0, "seen__pr": 0.0, "seen__rec": 0.0, "seen__ner_f1": 0.7365253567695618, "seen__ner_pr": 0.6219459176063538, "seen__ner_rec": 0.9028562307357788, "seen__macro_f1": 0.0, "seen__macro_pr": 0.0, "seen__macro_rec": 0.0, "seen__macro_ner_f1": 0.7365253567695618, "seen__macro_ner_pr": 0.6219459176063538, "seen__macro_ner_rec": 0.9028562307357788, "seen__samples_per_s": 492.07330287863454, "seen__samples_total_num": 4125, "seen__samples_total_s": 8.38289737701416, "unseen__f1": 0.0, "unseen__pr": 0.0, "unseen__rec": 0.0, "unseen__ner_f1": 0.6255115866661072, "unseen__ner_pr": 0.5049559473991394, "unseen__ner_rec": 0.8216845989227295, "unseen__macro_f1": 0.0, "unseen__macro_pr": 0.0, "unseen__macro_rec": 0.0, "unseen__macro_ner_f1": 0.6255115866661072, "unseen__macro_ner_pr": 0.5049559473991394, "unseen__macro_ner_rec": 0.8216845989227295, "unseen__samples_per_s": 516.7667748691247, "unseen__samples_total_num": 3229, "unseen__samples_total_s": 6.248466730117798}}