{"test_metrics": {"unseen__f1": 0.0, "unseen__pr": 0.0, "unseen__rec": 0.0, "unseen__ner_f1": 0.5739967823028564, "unseen__ner_pr": 0.5408348441123962, "unseen__ner_rec": 0.6114910840988159, "unseen__macro_f1": 0.0, "unseen__macro_pr": 0.0, "unseen__macro_rec": 0.0, "unseen__macro_ner_f1": 0.5253123641014099, "unseen__macro_ner_pr": 0.5095453858375549, "unseen__macro_ner_rec": 0.5705141425132751, "unseen__samples_per_s": 273.0967686547456, "unseen__samples_total_num": 518, "unseen__samples_total_s": 1.896763563156128, "unseen__task_pr": 0.5153374075889587, "unseen__task_rec": 0.6614173054695129, "unseen__task_f1": 0.5793102979660034, "unseen__method_pr": 0.7727272510528564, "unseen__method_rec": 0.6947115659713745, "unseen__method_f1": 0.7316455841064453, "unseen__material_pr": 0.5579710006713867, "unseen__material_rec": 0.5065789222717285, "unseen__material_f1": 0.5310344696044922, "unseen__otherscientificterm_pr": 0.5609284043312073, "unseen__otherscientificterm_rec": 0.5835009813308716, "unseen__otherscientificterm_f1": 0.571992039680481, "unseen__metric_pr": 0.47457626461982727, "unseen__metric_rec": 0.48275861144065857, "unseen__metric_f1": 0.47863247990608215, "unseen__generic_pr": 0.17573221027851105, "unseen__generic_rec": 0.4941176474094391, "unseen__generic_f1": 0.25925925374031067, "seen__f1": 0.0, "seen__pr": 0.0, "seen__rec": 0.0, "seen__ner_f1": 0.326241135597229, "seen__ner_pr": 0.21732284128665924, "seen__ner_rec": 0.6540284156799316, "seen__macro_f1": 0.0, "seen__macro_pr": 0.0, "seen__macro_rec": 0.0, "seen__macro_ner_f1": 0.22559978067874908, "seen__macro_ner_pr": 0.18451851606369019, "seen__macro_ner_rec": 0.542866051197052, "seen__samples_per_s": 318.2704590409931, "seen__samples_total_num": 178, "seen__samples_total_s": 0.5592727661132812, "seen__task_pr": 0.0535714291036129, "seen__task_rec": 0.75, "seen__task_f1": 0.10000000149011612, "seen__method_pr": 0.027522936463356018, "seen__method_rec": 0.3333333432674408, "seen__method_f1": 0.050847455859184265, "seen__material_pr": 0.08163265138864517, "seen__material_rec": 0.6666666865348816, "seen__material_f1": 0.145454540848732, "seen__otherscientificterm_pr": 0.044692736119031906, "seen__otherscientificterm_rec": 0.4000000059604645, "seen__otherscientificterm_f1": 0.08040200918912888, "seen__metric_pr": 0.2083333283662796, "seen__metric_rec": 0.38461539149284363, "seen__metric_f1": 0.2702702581882477, "seen__generic_pr": 0.6913580298423767, "seen__generic_rec": 0.7225806713104248, "seen__generic_f1": 0.7066245675086975}, "test_metrics_bounds": {"unseen__f1": 0.0, "unseen__pr": 0.0, "unseen__rec": 0.0, "unseen__ner_f1": 0.7307197451591492, "unseen__ner_pr": 0.6890909075737, "unseen__ner_rec": 0.7777017951011658, "unseen__macro_f1": 0.0, "unseen__macro_pr": 0.0, "unseen__macro_rec": 0.0, "unseen__macro_ner_f1": 0.7307197451591492, "unseen__macro_ner_pr": 0.6890909075737, "unseen__macro_ner_rec": 0.7777017951011658, "unseen__samples_per_s": 273.0967686547456, "unseen__samples_total_num": 518, "unseen__samples_total_s": 1.896763563156128, "seen__f1": 0.0, "seen__pr": 0.0, "seen__rec": 0.0, "seen__ner_f1": 0.3534994125366211, "seen__ner_pr": 0.23575949668884277, "seen__ner_rec": 0.7061611413955688, "seen__macro_f1": 0.0, "seen__macro_pr": 0.0, "seen__macro_rec": 0.0, "seen__macro_ner_f1": 0.3534994125366211, "seen__macro_ner_pr": 0.23575949668884277, "seen__macro_ner_rec": 0.7061611413955688, "seen__samples_per_s": 318.2704590409931, "seen__samples_total_num": 178, "seen__samples_total_s": 0.5592727661132812}}