{"test_metrics": {"unseen__f1": 0.0, "unseen__pr": 0.0, "unseen__rec": 0.0, "unseen__ner_f1": 0.5198854207992554, "unseen__ner_pr": 0.44043126702308655, "unseen__ner_rec": 0.6343167424201965, "unseen__macro_f1": 0.0, "unseen__macro_pr": 0.0, "unseen__macro_rec": 0.0, "unseen__macro_ner_f1": 0.4711754322052002, "unseen__macro_ner_pr": 0.4138461649417877, "unseen__macro_ner_rec": 0.5899026989936829, "unseen__samples_per_s": 330.57916495703114, "unseen__samples_total_num": 505, "unseen__samples_total_s": 1.5276219844818115, "unseen__task_pr": 0.48172757029533386, "unseen__task_rec": 0.6196581125259399, "unseen__task_f1": 0.5420560836791992, "unseen__method_pr": 0.6787439584732056, "unseen__method_rec": 0.7223650217056274, "unseen__method_f1": 0.6998754739761353, "unseen__material_pr": 0.41578948497772217, "unseen__material_rec": 0.6370967626571655, "unseen__material_f1": 0.5031846761703491, "unseen__otherscientificterm_pr": 0.4518900215625763, "unseen__otherscientificterm_rec": 0.5977272987365723, "unseen__otherscientificterm_f1": 0.514677107334137, "unseen__metric_pr": 0.3866666555404663, "unseen__metric_rec": 0.5370370149612427, "unseen__metric_f1": 0.44961240887641907, "unseen__generic_pr": 0.06825938820838928, "unseen__generic_rec": 0.42553192377090454, "unseen__generic_f1": 0.11764705926179886, "seen__f1": 0.0, "seen__pr": 0.0, "seen__rec": 0.0, "seen__ner_f1": 0.43665769696235657, "seen__ner_pr": 0.29481345415115356, "seen__ner_rec": 0.8415584564208984, "seen__macro_f1": 0.0, "seen__macro_pr": 0.0, "seen__macro_rec": 0.0, "seen__macro_ner_f1": 0.4024460017681122, "seen__macro_ner_pr": 0.2922377586364746, "seen__macro_ner_rec": 0.8279297947883606, "seen__samples_per_s": 471.46453855562845, "seen__samples_total_num": 279, "seen__samples_total_s": 0.5917730331420898, "seen__task_pr": 0.1419753134250641, "seen__task_rec": 0.8214285969734192, "seen__task_f1": 0.24210526049137115, "seen__method_pr": 0.13592232763767242, "seen__method_rec": 0.7777777910232544, "seen__method_f1": 0.23140496015548706, "seen__material_pr": 0.269565224647522, "seen__material_rec": 0.9117646813392639, "seen__material_f1": 0.4161073565483093, "seen__otherscientificterm_pr": 0.15407854318618774, "seen__otherscientificterm_rec": 0.6623376607894897, "seen__otherscientificterm_f1": 0.25, "seen__metric_pr": 0.30612245202064514, "seen__metric_rec": 0.8823529481887817, "seen__metric_f1": 0.4545454680919647, "seen__generic_pr": 0.7457627058029175, "seen__generic_rec": 0.9119170904159546, "seen__generic_f1": 0.8205127716064453}, "test_metrics_bounds": {"unseen__f1": 0.0, "unseen__pr": 0.0, "unseen__rec": 0.0, "unseen__ner_f1": 0.6730340719223022, "unseen__ner_pr": 0.570426344871521, "unseen__ner_rec": 0.820652186870575, "unseen__macro_f1": 0.0, "unseen__macro_pr": 0.0, "unseen__macro_rec": 0.0, "unseen__macro_ner_f1": 0.6730340719223022, "unseen__macro_ner_pr": 0.570426344871521, "unseen__macro_ner_rec": 0.820652186870575, "unseen__samples_per_s": 330.57916495703114, "unseen__samples_total_num": 505, "unseen__samples_total_s": 1.5276219844818115, "seen__f1": 0.0, "seen__pr": 0.0, "seen__rec": 0.0, "seen__ner_f1": 0.4625758230686188, "seen__ner_pr": 0.312386155128479, "seen__ner_rec": 0.8909090757369995, "seen__macro_f1": 0.0, "seen__macro_pr": 0.0, "seen__macro_rec": 0.0, "seen__macro_ner_f1": 0.4625758230686188, "seen__macro_ner_pr": 0.312386155128479, "seen__macro_ner_rec": 0.8909090757369995, "seen__samples_per_s": 471.46453855562845, "seen__samples_total_num": 279, "seen__samples_total_s": 0.5917730331420898}}