{"test_metrics": {"unseen__f1": 0.0, "unseen__pr": 0.0, "unseen__rec": 0.0, "unseen__ner_f1": 0.5278740525245667, "unseen__ner_pr": 0.45223960280418396, "unseen__ner_rec": 0.6338880658149719, "unseen__macro_f1": 0.0, "unseen__macro_pr": 0.0, "unseen__macro_rec": 0.0, "unseen__macro_ner_f1": 0.47289788722991943, "unseen__macro_ner_pr": 0.41986575722694397, "unseen__macro_ner_rec": 0.5808554291725159, "unseen__samples_per_s": 313.4909778798843, "unseen__samples_total_num": 507, "unseen__samples_total_s": 1.6172714233398438, "unseen__task_pr": 0.4864864945411682, "unseen__task_rec": 0.6101694703102112, "unseen__task_f1": 0.5413534045219421, "unseen__method_pr": 0.6642857193946838, "unseen__method_rec": 0.7099236845970154, "unseen__method_f1": 0.6863468885421753, "unseen__material_pr": 0.43169400095939636, "unseen__material_rec": 0.6220472455024719, "unseen__material_f1": 0.5096774697303772, "unseen__otherscientificterm_pr": 0.4831081032752991, "unseen__otherscientificterm_rec": 0.6258205771446228, "unseen__otherscientificterm_f1": 0.5452812314033508, "unseen__metric_pr": 0.37142857909202576, "unseen__metric_rec": 0.4727272689342499, "unseen__metric_f1": 0.41600000858306885, "unseen__generic_pr": 0.08219178020954132, "unseen__generic_rec": 0.4444444477558136, "unseen__generic_f1": 0.1387283205986023, "seen__f1": 0.0, "seen__pr": 0.0, "seen__rec": 0.0, "seen__ner_f1": 0.4204625189304352, "seen__ner_pr": 0.27881041169166565, "seen__ner_rec": 0.8547008633613586, "seen__macro_f1": 0.0, "seen__macro_pr": 0.0, "seen__macro_rec": 0.0, "seen__macro_ner_f1": 0.3695017099380493, "seen__macro_ner_pr": 0.264967679977417, "seen__macro_ner_rec": 0.8038366436958313, "seen__samples_per_s": 457.37434506445254, "seen__samples_total_num": 270, "seen__samples_total_s": 0.5903260707855225, "seen__task_pr": 0.11180124431848526, "seen__task_rec": 0.692307710647583, "seen__task_f1": 0.1925133615732193, "seen__method_pr": 0.13300491869449615, "seen__method_rec": 0.84375, "seen__method_f1": 0.22978723049163818, "seen__material_pr": 0.25, "seen__material_rec": 0.9354838728904724, "seen__material_f1": 0.39455780386924744, "seen__otherscientificterm_pr": 0.14516128599643707, "seen__otherscientificterm_rec": 0.75, "seen__otherscientificterm_f1": 0.2432432472705841, "seen__metric_pr": 0.24444444477558136, "seen__metric_rec": 0.6875, "seen__metric_f1": 0.3606557250022888, "seen__generic_pr": 0.7053942084312439, "seen__generic_rec": 0.9139785170555115, "seen__generic_f1": 0.7962529063224792}, "test_metrics_bounds": {"unseen__f1": 0.0, "unseen__pr": 0.0, "unseen__rec": 0.0, "unseen__ner_f1": 0.6826347708702087, "unseen__ner_pr": 0.5850891470909119, "unseen__ner_rec": 0.819213330745697, "unseen__macro_f1": 0.0, "unseen__macro_pr": 0.0, "unseen__macro_rec": 0.0, "unseen__macro_ner_f1": 0.6826347708702087, "unseen__macro_ner_pr": 0.5850891470909119, "unseen__macro_ner_rec": 0.819213330745697, "unseen__samples_per_s": 313.4909778798843, "unseen__samples_total_num": 507, "unseen__samples_total_s": 1.6172714233398438, "seen__f1": 0.0, "seen__pr": 0.0, "seen__rec": 0.0, "seen__ner_f1": 0.4417952299118042, "seen__ner_pr": 0.2930232584476471, "seen__ner_rec": 0.8974359035491943, "seen__macro_f1": 0.0, "seen__macro_pr": 0.0, "seen__macro_rec": 0.0, "seen__macro_ner_f1": 0.4417952299118042, "seen__macro_ner_pr": 0.2930232584476471, "seen__macro_ner_rec": 0.8974359035491943, "seen__samples_per_s": 457.37434506445254, "seen__samples_total_num": 270, "seen__samples_total_s": 0.5903260707855225}}