{"test_metrics": {"unseen__f1": 0.0, "unseen__pr": 0.0, "unseen__rec": 0.0, "unseen__ner_f1": 0.6705471873283386, "unseen__ner_pr": 0.5625, "unseen__ner_rec": 0.829971194267273, "unseen__macro_f1": 0.0, "unseen__macro_pr": 0.0, "unseen__macro_rec": 0.0, "unseen__macro_ner_f1": 0.6667230129241943, "unseen__macro_ner_pr": 0.5703980326652527, "unseen__macro_ner_rec": 0.8085149526596069, "unseen__samples_per_s": 326.35602062332083, "unseen__samples_total_num": 263, "unseen__samples_total_s": 0.80586838722229, "unseen__loc_pr": 0.49878934025764465, "unseen__loc_rec": 0.8512396812438965, "unseen__loc_f1": 0.6290076375007629, "unseen__org_pr": 0.5904255509376526, "unseen__org_rec": 0.7708333134651184, "unseen__org_f1": 0.6686747074127197, "unseen__peop_pr": 0.6401383876800537, "unseen__peop_rec": 0.9203979969024658, "unseen__peop_f1": 0.7551019787788391, "unseen__other_pr": 0.5522388219833374, "unseen__other_rec": 0.6915887594223022, "unseen__other_f1": 0.6141078472137451, "seen__f1": 0.0, "seen__pr": 0.0, "seen__rec": 0.0, "seen__ner_f1": 0.5758091807365417, "seen__ner_pr": 0.4177997410297394, "seen__ner_rec": 0.9260274171829224, "seen__macro_f1": 0.0, "seen__macro_pr": 0.0, "seen__macro_rec": 0.0, "seen__macro_ner_f1": 0.5026327967643738, "seen__macro_ner_pr": 0.36302027106285095, "seen__macro_ner_rec": 0.8579311370849609, "seen__samples_per_s": 556.4353572191393, "seen__samples_total_num": 200, "seen__samples_total_s": 0.35943078994750977, "seen__loc_pr": 0.5170278549194336, "seen__loc_rec": 0.9709302186965942, "seen__loc_f1": 0.6747474074363708, "seen__org_pr": 0.33070865273475647, "seen__org_rec": 0.8235294222831726, "seen__org_f1": 0.47191011905670166, "seen__peop_pr": 0.44979920983314514, "seen__peop_rec": 0.9572649598121643, "seen__peop_f1": 0.6120218634605408, "seen__other_pr": 0.15454545617103577, "seen__other_rec": 0.6800000071525574, "seen__other_f1": 0.2518518269062042}, "test_metrics_bounds": {"unseen__f1": 0.0, "unseen__pr": 0.0, "unseen__rec": 0.0, "unseen__ner_f1": 0.697322428226471, "unseen__ner_pr": 0.5849609375, "unseen__ner_rec": 0.8631123900413513, "unseen__macro_f1": 0.0, "unseen__macro_pr": 0.0, "unseen__macro_rec": 0.0, "unseen__macro_ner_f1": 0.697322428226471, "unseen__macro_ner_pr": 0.5849609375, "unseen__macro_ner_rec": 0.8631123900413513, "unseen__samples_per_s": 326.35602062332083, "unseen__samples_total_num": 263, "unseen__samples_total_s": 0.80586838722229, "seen__f1": 0.0, "seen__pr": 0.0, "seen__rec": 0.0, "seen__ner_f1": 0.577512800693512, "seen__ner_pr": 0.4190358519554138, "seen__ner_rec": 0.9287671446800232, "seen__macro_f1": 0.0, "seen__macro_pr": 0.0, "seen__macro_rec": 0.0, "seen__macro_ner_f1": 0.577512800693512, "seen__macro_ner_pr": 0.4190358519554138, "seen__macro_ner_rec": 0.9287671446800232, "seen__samples_per_s": 556.4353572191393, "seen__samples_total_num": 200, "seen__samples_total_s": 0.35943078994750977}}