{"test_metrics": {"seen__f1": 0.0, "seen__pr": 0.0, "seen__rec": 0.0, "seen__ner_f1": 0.6337254643440247, "seen__ner_pr": 0.47362250089645386, "seen__ner_rec": 0.9573459625244141, "seen__macro_f1": 0.0, "seen__macro_pr": 0.0, "seen__macro_rec": 0.0, "seen__macro_ner_f1": 0.5652997493743896, "seen__macro_ner_pr": 0.418460488319397, "seen__macro_ner_rec": 0.9175716638565063, "seen__samples_per_s": 285.0743353694987, "seen__samples_total_num": 215, "seen__samples_total_s": 0.7541892528533936, "seen__loc_pr": 0.6036036014556885, "seen__loc_rec": 0.9757281541824341, "seen__loc_f1": 0.7458255887031555, "seen__org_pr": 0.41059601306915283, "seen__org_rec": 0.9253731369972229, "seen__org_f1": 0.5688073039054871, "seen__peop_pr": 0.4559386968612671, "seen__peop_rec": 0.9834710955619812, "seen__peop_f1": 0.6230366826057434, "seen__other_pr": 0.20370370149612427, "seen__other_rec": 0.7857142686843872, "seen__other_f1": 0.3235294222831726, "unseen__f1": 0.0, "unseen__pr": 0.0, "unseen__rec": 0.0, "unseen__ner_f1": 0.6568627953529358, "unseen__ner_pr": 0.5386934876441956, "unseen__ner_rec": 0.8414442539215088, "unseen__macro_f1": 0.0, "unseen__macro_pr": 0.0, "unseen__macro_rec": 0.0, "unseen__macro_ner_f1": 0.6457272171974182, "unseen__macro_ner_pr": 0.5410845279693604, "unseen__macro_ner_rec": 0.8123626708984375, "unseen__samples_per_s": 535.3823712525062, "unseen__samples_total_num": 253, "unseen__samples_total_s": 0.47255945205688477, "unseen__loc_pr": 0.46035805344581604, "unseen__loc_rec": 0.8653846383094788, "unseen__loc_f1": 0.6010016202926636, "unseen__org_pr": 0.5373134613037109, "unseen__org_rec": 0.84375, "unseen__org_f1": 0.6565349698066711, "unseen__peop_pr": 0.6666666865348816, "unseen__peop_rec": 0.9441624283790588, "unseen__peop_f1": 0.7815126180648804, "unseen__other_pr": 0.5, "unseen__other_rec": 0.5961538553237915, "unseen__other_f1": 0.5438596606254578}, "test_metrics_bounds": {"seen__f1": 0.0, "seen__pr": 0.0, "seen__rec": 0.0, "seen__ner_f1": 0.6384313702583313, "seen__ner_pr": 0.47713950276374817, "seen__ner_rec": 0.9644549489021301, "seen__macro_f1": 0.0, "seen__macro_pr": 0.0, "seen__macro_rec": 0.0, "seen__macro_ner_f1": 0.6384313702583313, "seen__macro_ner_pr": 0.47713950276374817, "seen__macro_ner_rec": 0.9644549489021301, "seen__samples_per_s": 285.0743353694987, "seen__samples_total_num": 215, "seen__samples_total_s": 0.7541892528533936, "unseen__f1": 0.0, "unseen__pr": 0.0, "unseen__rec": 0.0, "unseen__ner_f1": 0.6789215803146362, "unseen__ner_pr": 0.55678391456604, "unseen__ner_rec": 0.8697017431259155, "unseen__macro_f1": 0.0, "unseen__macro_pr": 0.0, "unseen__macro_rec": 0.0, "unseen__macro_ner_f1": 0.6789215803146362, "unseen__macro_ner_pr": 0.55678391456604, "unseen__macro_ner_rec": 0.8697017431259155, "unseen__samples_per_s": 535.3823712525062, "unseen__samples_total_num": 253, "unseen__samples_total_s": 0.47255945205688477}}