{"test_metrics": {"seen__f1": 0.0, "seen__pr": 0.0, "seen__rec": 0.0, "seen__ner_f1": 0.0, "seen__ner_pr": 0.0, "seen__ner_rec": 0.0, "seen__macro_f1": 0.0, "seen__macro_pr": 0.0, "seen__macro_rec": 0.0, "seen__macro_ner_f1": 0.0, "seen__macro_ner_pr": 0.0, "seen__macro_ner_rec": 0.0, "seen__samples_per_s": 0.0, "seen__samples_total_num": 0, "seen__samples_total_s": 0.0, "seen__organization_pr": 0.0, "seen__organization_rec": 0.0, "seen__organization_f1": 0.0, "seen__location_pr": 0.0, "seen__location_rec": 0.0, "seen__location_f1": 0.0, "seen__person_pr": 0.0, "seen__person_rec": 0.0, "seen__person_f1": 0.0, "unseen__f1": 0.0, "unseen__pr": 0.0, "unseen__rec": 0.0, "unseen__ner_f1": 0.6736382842063904, "unseen__ner_pr": 0.7275452017784119, "unseen__ner_rec": 0.6271687150001526, "unseen__macro_f1": 0.0, "unseen__macro_pr": 0.0, "unseen__macro_rec": 0.0, "unseen__macro_ner_f1": 0.6302769780158997, "unseen__macro_ner_pr": 0.630025327205658, "unseen__macro_ner_rec": 0.6661316752433777, "unseen__samples_per_s": 715.7307234615566, "unseen__samples_total_num": 5000, "unseen__samples_total_s": 6.985867500305176, "unseen__organization_pr": 0.4077519476413727, "unseen__organization_rec": 0.6939314007759094, "unseen__organization_f1": 0.513671875, "unseen__location_pr": 0.8158242702484131, "unseen__location_rec": 0.6039373874664307, "unseen__location_f1": 0.6940696835517883, "unseen__person_pr": 0.6664997339248657, "unseen__person_rec": 0.7005262970924377, "unseen__person_f1": 0.6830894947052002}, "test_metrics_bounds": {"seen__f1": 0.0, "seen__pr": 0.0, "seen__rec": 0.0, "seen__ner_f1": 0.0, "seen__ner_pr": 0.0, "seen__ner_rec": 0.0, "seen__macro_f1": 0.0, "seen__macro_pr": 0.0, "seen__macro_rec": 0.0, "seen__macro_ner_f1": 0.0, "seen__macro_ner_pr": 0.0, "seen__macro_ner_rec": 0.0, "seen__samples_per_s": 0.0, "seen__samples_total_num": 0, "seen__samples_total_s": 0.0, "unseen__f1": 0.0, "unseen__pr": 0.0, "unseen__rec": 0.0, "unseen__ner_f1": 0.698716402053833, "unseen__ner_pr": 0.7546301484107971, "unseen__ner_rec": 0.6505168080329895, "unseen__macro_f1": 0.0, "unseen__macro_pr": 0.0, "unseen__macro_rec": 0.0, "unseen__macro_ner_f1": 0.698716402053833, "unseen__macro_ner_pr": 0.7546301484107971, "unseen__macro_ner_rec": 0.6505168080329895, "unseen__samples_per_s": 715.7307234615566, "unseen__samples_total_num": 5000, "unseen__samples_total_s": 6.985867500305176}}