{"test_metrics": {"seen__f1": 0.0, "seen__pr": 0.0, "seen__rec": 0.0, "seen__ner_f1": 0.0, "seen__ner_pr": 0.0, "seen__ner_rec": 0.0, "seen__macro_f1": 0.0, "seen__macro_pr": 0.0, "seen__macro_rec": 0.0, "seen__macro_ner_f1": 0.0, "seen__macro_ner_pr": 0.0, "seen__macro_ner_rec": 0.0, "seen__samples_per_s": 113.0299418574959, "seen__samples_total_num": 2050, "seen__samples_total_s": 18.136787176132202, "seen__per_pr": 0.0, "seen__per_rec": 0.0, "seen__per_f1": 0.0, "seen__org_pr": 0.0, "seen__org_rec": 0.0, "seen__org_f1": 0.0, "seen__wea_pr": 0.0, "seen__wea_rec": 0.0, "seen__wea_f1": 0.0, "seen__gpe_pr": 0.0, "seen__gpe_rec": 0.0, "seen__gpe_f1": 0.0, "seen__veh_pr": 0.0, "seen__veh_rec": 0.0, "seen__veh_f1": 0.0, "seen__fac_pr": 0.0, "seen__fac_rec": 0.0, "seen__fac_f1": 0.0, "seen__loc_pr": 0.0, "seen__loc_rec": 0.0, "seen__loc_f1": 0.0, "unseen__f1": 0.0, "unseen__pr": 0.0, "unseen__rec": 0.0, "unseen__ner_f1": 0.6672554612159729, "unseen__ner_pr": 0.7800722718238831, "unseen__ner_rec": 0.5829475522041321, "unseen__macro_f1": 0.0, "unseen__macro_pr": 0.0, "unseen__macro_rec": 0.0, "unseen__macro_ner_f1": 0.4925296902656555, "unseen__macro_ner_pr": 0.6234117746353149, "unseen__macro_ner_rec": 0.4349043071269989, "unseen__samples_per_s": 121.51142204002632, "unseen__samples_total_num": 2050, "unseen__samples_total_s": 16.87084197998047, "unseen__per_pr": 0.9139901995658875, "unseen__per_rec": 0.6056998372077942, "unseen__per_f1": 0.7285745143890381, "unseen__org_pr": 0.5839895009994507, "unseen__org_rec": 0.5493826866149902, "unseen__org_f1": 0.5661577582359314, "unseen__wea_pr": 0.4313725531101227, "unseen__wea_rec": 0.20952381193637848, "unseen__wea_f1": 0.2820512652397156, "unseen__gpe_pr": 0.7972350120544434, "unseen__gpe_rec": 0.7068437337875366, "unseen__gpe_f1": 0.7493231892585754, "unseen__veh_pr": 0.5, "unseen__veh_rec": 0.4112149477005005, "unseen__veh_f1": 0.4512820541858673, "unseen__fac_pr": 0.5122950673103333, "unseen__fac_rec": 0.44802868366241455, "unseen__fac_f1": 0.47801145911216736, "unseen__loc_pr": 0.625, "unseen__loc_rec": 0.11363636702299118, "unseen__loc_f1": 0.19230768084526062}, "test_metrics_bounds": {"seen__f1": 0.0, "seen__pr": 0.0, "seen__rec": 0.0, "seen__ner_f1": 0.0, "seen__ner_pr": 0.0, "seen__ner_rec": 0.0, "seen__macro_f1": 0.0, "seen__macro_pr": 0.0, "seen__macro_rec": 0.0, "seen__macro_ner_f1": 0.0, "seen__macro_ner_pr": 0.0, "seen__macro_ner_rec": 0.0, "seen__samples_per_s": 113.0299418574959, "seen__samples_total_num": 2050, "seen__samples_total_s": 18.136787176132202, "unseen__f1": 0.0, "unseen__pr": 0.0, "unseen__rec": 0.0, "unseen__ner_f1": 0.795220673084259, "unseen__ner_pr": 0.9303650259971619, "unseen__ner_rec": 0.6943585872650146, "unseen__macro_f1": 0.0, "unseen__macro_pr": 0.0, "unseen__macro_rec": 0.0, "unseen__macro_ner_f1": 0.795220673084259, "unseen__macro_ner_pr": 0.9303650259971619, "unseen__macro_ner_rec": 0.6943585872650146, "unseen__samples_per_s": 121.51142204002632, "unseen__samples_total_num": 2050, "unseen__samples_total_s": 16.87084197998047}}