{"test_metrics": {"seen__f1": 0.0, "seen__pr": 0.0, "seen__rec": 0.0, "seen__ner_f1": 0.4139784872531891, "seen__ner_pr": 0.27923843264579773, "seen__ner_rec": 0.800000011920929, "seen__macro_f1": 0.0, "seen__macro_pr": 0.0, "seen__macro_rec": 0.0, "seen__macro_ner_f1": 0.3663496971130371, "seen__macro_ner_pr": 0.26943108439445496, "seen__macro_ner_rec": 0.7756092548370361, "seen__samples_per_s": 245.480009674785, "seen__samples_total_num": 279, "seen__samples_total_s": 1.1365487575531006, "seen__task_pr": 0.1358024626970291, "seen__task_rec": 0.7857142686843872, "seen__task_f1": 0.23157894611358643, "seen__method_pr": 0.12916666269302368, "seen__method_rec": 0.8611111044883728, "seen__method_f1": 0.22463767230510712, "seen__material_pr": 0.2118644118309021, "seen__material_rec": 0.7352941036224365, "seen__material_f1": 0.32894736528396606, "seen__otherscientificterm_pr": 0.16225165128707886, "seen__otherscientificterm_rec": 0.6363636255264282, "seen__otherscientificterm_f1": 0.2585752010345459, "seen__metric_pr": 0.22413793206214905, "seen__metric_rec": 0.7647058963775635, "seen__metric_f1": 0.3466666638851166, "seen__generic_pr": 0.7533632516860962, "seen__generic_rec": 0.8704662919044495, "seen__generic_f1": 0.807692289352417, "unseen__f1": 0.0, "unseen__pr": 0.0, "unseen__rec": 0.0, "unseen__ner_f1": 0.4982298016548157, "unseen__ner_pr": 0.4255085289478302, "unseen__ner_rec": 0.600931704044342, "unseen__macro_f1": 0.0, "unseen__macro_pr": 0.0, "unseen__macro_rec": 0.0, "unseen__macro_ner_f1": 0.44003966450691223, "unseen__macro_ner_pr": 0.38412952423095703, "unseen__macro_ner_rec": 0.5389698147773743, "unseen__samples_per_s": 348.5930482618515, "unseen__samples_total_num": 505, "unseen__samples_total_s": 1.4486806392669678, "unseen__task_pr": 0.4648829400539398, "unseen__task_rec": 0.5940170884132385, "unseen__task_f1": 0.5215759873390198, "unseen__method_pr": 0.6059957146644592, "unseen__method_rec": 0.7275063991546631, "unseen__method_f1": 0.6612149477005005, "unseen__material_pr": 0.359375, "unseen__material_rec": 0.5564516186714172, "unseen__material_f1": 0.43670886754989624, "unseen__otherscientificterm_pr": 0.4725490212440491, "unseen__otherscientificterm_rec": 0.5477272868156433, "unseen__otherscientificterm_f1": 0.5073683857917786, "unseen__metric_pr": 0.3604651093482971, "unseen__metric_rec": 0.5740740895271301, "unseen__metric_f1": 0.44285714626312256, "unseen__generic_pr": 0.04150943458080292, "unseen__generic_rec": 0.23404255509376526, "unseen__generic_f1": 0.07051282376050949}, "test_metrics_bounds": {"seen__f1": 0.0, "seen__pr": 0.0, "seen__rec": 0.0, "seen__ner_f1": 0.4454912543296814, "seen__ner_pr": 0.30063578486442566, "seen__ner_rec": 0.8597402572631836, "seen__macro_f1": 0.0, "seen__macro_pr": 0.0, "seen__macro_rec": 0.0, "seen__macro_ner_f1": 0.4454912543296814, "seen__macro_ner_pr": 0.30063578486442566, "seen__macro_ner_rec": 0.8597402572631836, "seen__samples_per_s": 245.480009674785, "seen__samples_total_num": 279, "seen__samples_total_s": 1.1365487575531006, "unseen__f1": 0.0, "unseen__pr": 0.0, "unseen__rec": 0.0, "unseen__ner_f1": 0.6520618200302124, "unseen__ner_pr": 0.5572687387466431, "unseen__ner_rec": 0.7857142686843872, "unseen__macro_f1": 0.0, "unseen__macro_pr": 0.0, "unseen__macro_rec": 0.0, "unseen__macro_ner_f1": 0.6520618200302124, "unseen__macro_ner_pr": 0.5572687387466431, "unseen__macro_ner_rec": 0.7857142686843872, "unseen__samples_per_s": 348.5930482618515, "unseen__samples_total_num": 505, "unseen__samples_total_s": 1.4486806392669678}}