{"test_metrics": {"unseen__f1": 0.0, "unseen__pr": 0.0, "unseen__rec": 0.0, "unseen__ner_f1": 0.5716117024421692, "unseen__ner_pr": 0.5367027521133423, "unseen__ner_rec": 0.6113776564598083, "unseen__macro_f1": 0.0, "unseen__macro_pr": 0.0, "unseen__macro_rec": 0.0, "unseen__macro_ner_f1": 0.5205971002578735, "unseen__macro_ner_pr": 0.5012750625610352, "unseen__macro_ner_rec": 0.5618448257446289, "unseen__samples_per_s": 336.08096164650425, "unseen__samples_total_num": 519, "unseen__samples_total_s": 1.5442707538604736, "unseen__task_pr": 0.568345308303833, "unseen__task_rec": 0.6147859692573547, "unseen__task_f1": 0.590654194355011, "unseen__method_pr": 0.7376237511634827, "unseen__method_rec": 0.7303921580314636, "unseen__method_f1": 0.7339901328086853, "unseen__material_pr": 0.522580623626709, "unseen__material_rec": 0.522580623626709, "unseen__material_f1": 0.522580623626709, "unseen__otherscientificterm_pr": 0.5410447716712952, "unseen__otherscientificterm_rec": 0.5846773982048035, "unseen__otherscientificterm_f1": 0.5620155334472656, "unseen__metric_pr": 0.4838709533214569, "unseen__metric_rec": 0.49180328845977783, "unseen__metric_f1": 0.4878048598766327, "unseen__generic_pr": 0.15418502688407898, "unseen__generic_rec": 0.4268292784690857, "unseen__generic_f1": 0.22653722763061523, "seen__f1": 0.0, "seen__pr": 0.0, "seen__rec": 0.0, "seen__ner_f1": 0.3400900959968567, "seen__ner_pr": 0.2240356057882309, "seen__ner_rec": 0.7056074738502502, "seen__macro_f1": 0.0, "seen__macro_pr": 0.0, "seen__macro_rec": 0.0, "seen__macro_ner_f1": 0.233009472489357, "seen__macro_ner_pr": 0.19205395877361298, "seen__macro_ner_rec": 0.5894107222557068, "seen__samples_per_s": 394.4314605837507, "seen__samples_total_num": 187, "seen__samples_total_s": 0.47410011291503906, "seen__task_pr": 0.010204081423580647, "seen__task_rec": 0.20000000298023224, "seen__task_f1": 0.019417475908994675, "seen__method_pr": 0.06818182021379471, "seen__method_rec": 0.529411792755127, "seen__method_f1": 0.12080537527799606, "seen__material_pr": 0.0422535203397274, "seen__material_rec": 1.0, "seen__material_f1": 0.0810810849070549, "seen__otherscientificterm_pr": 0.0486486479640007, "seen__otherscientificterm_rec": 0.4285714328289032, "seen__otherscientificterm_f1": 0.08737864345312119, "seen__metric_pr": 0.2142857164144516, "seen__metric_rec": 0.6000000238418579, "seen__metric_f1": 0.31578946113586426, "seen__generic_pr": 0.768750011920929, "seen__generic_rec": 0.7784810066223145, "seen__generic_f1": 0.7735849022865295}, "test_metrics_bounds": {"unseen__f1": 0.0, "unseen__pr": 0.0, "unseen__rec": 0.0, "unseen__ner_f1": 0.7164849638938904, "unseen__ner_pr": 0.6732971668243408, "unseen__ner_rec": 0.7655928730964661, "unseen__macro_f1": 0.0, "unseen__macro_pr": 0.0, "unseen__macro_rec": 0.0, "unseen__macro_ner_f1": 0.7164849638938904, "unseen__macro_ner_pr": 0.6732971668243408, "unseen__macro_ner_rec": 0.7655928730964661, "unseen__samples_per_s": 336.08096164650425, "unseen__samples_total_num": 519, "unseen__samples_total_s": 1.5442707538604736, "seen__f1": 0.0, "seen__pr": 0.0, "seen__rec": 0.0, "seen__ner_f1": 0.3724604845046997, "seen__ner_pr": 0.2455357164144516, "seen__ner_rec": 0.7710280418395996, "seen__macro_f1": 0.0, "seen__macro_pr": 0.0, "seen__macro_rec": 0.0, "seen__macro_ner_f1": 0.3724604845046997, "seen__macro_ner_pr": 0.2455357164144516, "seen__macro_ner_rec": 0.7710280418395996, "seen__samples_per_s": 394.4314605837507, "seen__samples_total_num": 187, "seen__samples_total_s": 0.47410011291503906}}