{"test_metrics": {"seen__f1": 0.0, "seen__pr": 0.0, "seen__rec": 0.0, "seen__ner_f1": 0.588843047618866, "seen__ner_pr": 0.4253731369972229, "seen__ner_rec": 0.9563758373260498, "seen__macro_f1": 0.0, "seen__macro_pr": 0.0, "seen__macro_rec": 0.0, "seen__macro_ner_f1": 0.5456775426864624, "seen__macro_ner_pr": 0.38688310980796814, "seen__macro_ner_rec": 0.9641731977462769, "seen__samples_per_s": 238.85355673781103, "seen__samples_total_num": 168, "seen__samples_total_s": 0.703359842300415, "seen__loc_pr": 0.4849624037742615, "seen__loc_rec": 0.9485294222831726, "seen__loc_f1": 0.641791045665741, "seen__org_pr": 0.38983049988746643, "seen__org_rec": 0.9387755393981934, "seen__org_f1": 0.5508981943130493, "seen__peop_pr": 0.41850221157073975, "seen__peop_rec": 0.9693877696990967, "seen__peop_f1": 0.5846154093742371, "seen__other_pr": 0.2542372941970825, "seen__other_rec": 1.0, "seen__other_f1": 0.4054054021835327, "unseen__f1": 0.0, "unseen__pr": 0.0, "unseen__rec": 0.0, "unseen__ner_f1": 0.7272726893424988, "unseen__ner_pr": 0.6346718668937683, "unseen__ner_rec": 0.8515111804008484, "unseen__macro_f1": 0.0, "unseen__macro_pr": 0.0, "unseen__macro_rec": 0.0, "unseen__macro_ner_f1": 0.7047915458679199, "unseen__macro_ner_pr": 0.6335049867630005, "unseen__macro_ner_rec": 0.8120990991592407, "unseen__samples_per_s": 521.7872038936066, "unseen__samples_total_num": 269, "unseen__samples_total_s": 0.515535831451416, "unseen__loc_pr": 0.6125907897949219, "unseen__loc_rec": 0.9100719690322876, "unseen__loc_f1": 0.7322720885276794, "unseen__org_pr": 0.5707547068595886, "unseen__org_rec": 0.8287671208381653, "unseen__org_f1": 0.6759776473045349, "unseen__peop_pr": 0.7098976373672485, "unseen__peop_rec": 0.9454545378684998, "unseen__peop_f1": 0.8109162449836731, "unseen__other_pr": 0.6407766938209534, "unseen__other_rec": 0.5641025900840759, "unseen__other_f1": 0.6000000238418579}, "test_metrics_bounds": {"seen__f1": 0.0, "seen__pr": 0.0, "seen__rec": 0.0, "seen__ner_f1": 0.59565669298172, "seen__ner_pr": 0.4304932653903961, "seen__ner_rec": 0.9664429426193237, "seen__macro_f1": 0.0, "seen__macro_pr": 0.0, "seen__macro_rec": 0.0, "seen__macro_ner_f1": 0.59565669298172, "seen__macro_ner_pr": 0.4304932653903961, "seen__macro_ner_rec": 0.9664429426193237, "seen__samples_per_s": 238.85355673781103, "seen__samples_total_num": 168, "seen__samples_total_s": 0.703359842300415, "unseen__f1": 0.0, "unseen__pr": 0.0, "unseen__rec": 0.0, "unseen__ner_f1": 0.750140368938446, "unseen__ner_pr": 0.6549019813537598, "unseen__ner_rec": 0.8777923583984375, "unseen__macro_f1": 0.0, "unseen__macro_pr": 0.0, "unseen__macro_rec": 0.0, "unseen__macro_ner_f1": 0.750140368938446, "unseen__macro_ner_pr": 0.6549019813537598, "unseen__macro_ner_rec": 0.8777923583984375, "unseen__samples_per_s": 521.7872038936066, "unseen__samples_total_num": 269, "unseen__samples_total_s": 0.515535831451416}}