{"test_metrics": {"seen__f1": 0.0, "seen__pr": 0.0, "seen__rec": 0.0, "seen__ner_f1": 0.851151168346405, "seen__ner_pr": 0.7760242819786072, "seen__ner_rec": 0.9423832893371582, "seen__macro_f1": 0.0, "seen__macro_pr": 0.0, "seen__macro_rec": 0.0, "seen__macro_ner_f1": 0.7681918740272522, "seen__macro_ner_pr": 0.6818062663078308, "seen__macro_ner_rec": 0.9069510102272034, "seen__samples_per_s": 478.77111857030695, "seen__samples_total_num": 4672, "seen__samples_total_s": 9.758316278457642, "seen__organization_pr": 0.7325842976570129, "seen__organization_rec": 0.8467532396316528, "seen__organization_f1": 0.7855421304702759, "seen__location_pr": 0.8337522149085999, "seen__location_rec": 0.9496207237243652, "seen__location_f1": 0.887922465801239, "seen__person_pr": 0.479082316160202, "seen__person_rec": 0.9244791865348816, "seen__person_f1": 0.6311111450195312, "unseen__f1": 0.0, "unseen__pr": 0.0, "unseen__rec": 0.0, "unseen__ner_f1": 0.5077432990074158, "unseen__ner_pr": 0.4047619104385376, "unseen__ner_rec": 0.6810088753700256, "unseen__macro_f1": 0.0, "unseen__macro_pr": 0.0, "unseen__macro_rec": 0.0, "unseen__macro_ner_f1": 0.5200737118721008, "unseen__macro_ner_pr": 0.5028946399688721, "unseen__macro_ner_rec": 0.6206761002540588, "unseen__samples_per_s": 550.4711686861505, "unseen__samples_total_num": 2188, "unseen__samples_total_s": 3.9747767448425293, "unseen__organization_pr": 0.4472934603691101, "unseen__organization_rec": 0.4209115207195282, "unseen__organization_f1": 0.43370166420936584, "unseen__location_pr": 0.2961822748184204, "unseen__location_rec": 0.8077245950698853, "unseen__location_f1": 0.433430939912796, "unseen__person_pr": 0.7652081251144409, "unseen__person_rec": 0.6333922147750854, "unseen__person_f1": 0.6930884718894958}, "test_metrics_bounds": {"seen__f1": 0.0, "seen__pr": 0.0, "seen__rec": 0.0, "seen__ner_f1": 0.8557004332542419, "seen__ner_pr": 0.7801719903945923, "seen__ner_rec": 0.9474201202392578, "seen__macro_f1": 0.0, "seen__macro_pr": 0.0, "seen__macro_rec": 0.0, "seen__macro_ner_f1": 0.8557004332542419, "seen__macro_ner_pr": 0.7801719903945923, "seen__macro_ner_rec": 0.9474201202392578, "seen__samples_per_s": 478.77111857030695, "seen__samples_total_num": 4672, "seen__samples_total_s": 9.758316278457642, "unseen__f1": 0.0, "unseen__pr": 0.0, "unseen__rec": 0.0, "unseen__ner_f1": 0.5392699241638184, "unseen__ner_pr": 0.42989417910575867, "unseen__ner_rec": 0.7232937812805176, "unseen__macro_f1": 0.0, "unseen__macro_pr": 0.0, "unseen__macro_rec": 0.0, "unseen__macro_ner_f1": 0.5392699241638184, "unseen__macro_ner_pr": 0.42989417910575867, "unseen__macro_ner_rec": 0.7232937812805176, "unseen__samples_per_s": 550.4711686861505, "unseen__samples_total_num": 2188, "unseen__samples_total_s": 3.9747767448425293}}