{"test_metrics": {"seen__f1": 0.0, "seen__pr": 0.0, "seen__rec": 0.0, "seen__ner_f1": 0.0, "seen__ner_pr": 0.0, "seen__ner_rec": 0.0, "seen__macro_f1": 0.0, "seen__macro_pr": 0.0, "seen__macro_rec": 0.0, "seen__macro_ner_f1": 0.0, "seen__macro_ner_pr": 0.0, "seen__macro_ner_rec": 0.0, "seen__samples_per_s": 0.0, "seen__samples_total_num": 0, "seen__samples_total_s": 0.0, "seen__task_pr": 0.0, "seen__task_rec": 0.0, "seen__task_f1": 0.0, "seen__method_pr": 0.0, "seen__method_rec": 0.0, "seen__method_f1": 0.0, "seen__material_pr": 0.0, "seen__material_rec": 0.0, "seen__material_f1": 0.0, "seen__otherscientificterm_pr": 0.0, "seen__otherscientificterm_rec": 0.0, "seen__otherscientificterm_f1": 0.0, "seen__metric_pr": 0.0, "seen__metric_rec": 0.0, "seen__metric_f1": 0.0, "seen__generic_pr": 0.0, "seen__generic_rec": 0.0, "seen__generic_f1": 0.0, "unseen__f1": 0.0, "unseen__pr": 0.0, "unseen__rec": 0.0, "unseen__ner_f1": 0.5961893200874329, "unseen__ner_pr": 0.6135357618331909, "unseen__ner_rec": 0.5797967910766602, "unseen__macro_f1": 0.0, "unseen__macro_pr": 0.0, "unseen__macro_rec": 0.0, "unseen__macro_ner_f1": 0.567184567451477, "unseen__macro_ner_pr": 0.5947636961936951, "unseen__macro_ner_rec": 0.5456063151359558, "unseen__samples_per_s": 438.78505100204484, "unseen__samples_total_num": 529, "unseen__samples_total_s": 1.205601692199707, "unseen__task_pr": 0.5719424486160278, "unseen__task_rec": 0.6068702340126038, "unseen__task_f1": 0.5888888239860535, "unseen__method_pr": 0.7281323671340942, "unseen__method_rec": 0.7247058749198914, "unseen__method_f1": 0.7264151573181152, "unseen__material_pr": 0.614814817905426, "unseen__material_rec": 0.5253164768218994, "unseen__material_f1": 0.5665529370307922, "unseen__otherscientificterm_pr": 0.5671936869621277, "unseen__otherscientificterm_rec": 0.5551257133483887, "unseen__otherscientificterm_f1": 0.5610947608947754, "unseen__metric_pr": 0.5166666507720947, "unseen__metric_rec": 0.43661972880363464, "unseen__metric_f1": 0.47328242659568787, "unseen__generic_pr": 0.5698323845863342, "unseen__generic_rec": 0.42500001192092896, "unseen__generic_f1": 0.4868735074996948}, "test_metrics_bounds": {"seen__f1": 0.0, "seen__pr": 0.0, "seen__rec": 0.0, "seen__ner_f1": 0.0, "seen__ner_pr": 0.0, "seen__ner_rec": 0.0, "seen__macro_f1": 0.0, "seen__macro_pr": 0.0, "seen__macro_rec": 0.0, "seen__macro_ner_f1": 0.0, "seen__macro_ner_pr": 0.0, "seen__macro_ner_rec": 0.0, "seen__samples_per_s": 0.0, "seen__samples_total_num": 0, "seen__samples_total_s": 0.0, "unseen__f1": 0.0, "unseen__pr": 0.0, "unseen__rec": 0.0, "unseen__ner_f1": 0.7426990866661072, "unseen__ner_pr": 0.7645569443702698, "unseen__ner_rec": 0.7220562100410461, "unseen__macro_f1": 0.0, "unseen__macro_pr": 0.0, "unseen__macro_rec": 0.0, "unseen__macro_ner_f1": 0.7426990866661072, "unseen__macro_ner_pr": 0.7645569443702698, "unseen__macro_ner_rec": 0.7220562100410461, "unseen__samples_per_s": 438.78505100204484, "unseen__samples_total_num": 529, "unseen__samples_total_s": 1.205601692199707}}