{"test_metrics": {"seen__f1": 0.0, "seen__pr": 0.0, "seen__rec": 0.0, "seen__ner_f1": 0.43213292956352234, "seen__ner_pr": 0.29240861535072327, "seen__ner_rec": 0.8275862336158752, "seen__macro_f1": 0.0, "seen__macro_pr": 0.0, "seen__macro_rec": 0.0, "seen__macro_ner_f1": 0.38768506050109863, "seen__macro_ner_pr": 0.2829205393791199, "seen__macro_ner_rec": 0.7995386123657227, "seen__samples_per_s": 231.6804360034247, "seen__samples_total_num": 276, "seen__samples_total_s": 1.191296100616455, "seen__task_pr": 0.13698630034923553, "seen__task_rec": 0.7407407164573669, "seen__task_f1": 0.23121385276317596, "seen__method_pr": 0.13930347561836243, "seen__method_rec": 0.800000011920929, "seen__method_f1": 0.23728811740875244, "seen__material_pr": 0.23931623995304108, "seen__material_rec": 0.8484848737716675, "seen__material_f1": 0.3733333647251129, "seen__otherscientificterm_pr": 0.15740740299224854, "seen__otherscientificterm_rec": 0.6891891956329346, "seen__otherscientificterm_f1": 0.25628140568733215, "seen__metric_pr": 0.27450981736183167, "seen__metric_rec": 0.8235294222831726, "seen__metric_f1": 0.4117647111415863, "seen__generic_pr": 0.75, "seen__generic_rec": 0.8952879309654236, "seen__generic_f1": 0.8162290453910828, "unseen__f1": 0.0, "unseen__pr": 0.0, "unseen__rec": 0.0, "unseen__ner_f1": 0.5249598026275635, "unseen__ner_pr": 0.450525164604187, "unseen__ner_rec": 0.6288580298423767, "unseen__macro_f1": 0.0, "unseen__macro_pr": 0.0, "unseen__macro_rec": 0.0, "unseen__macro_ner_f1": 0.469271183013916, "unseen__macro_ner_pr": 0.41803932189941406, "unseen__macro_ner_rec": 0.5708722472190857, "unseen__samples_per_s": 339.4998903662025, "unseen__samples_total_num": 505, "unseen__samples_total_s": 1.4874820709228516, "unseen__task_pr": 0.5088339447975159, "unseen__task_rec": 0.6127659678459167, "unseen__task_f1": 0.5559845566749573, "unseen__method_pr": 0.6741293668746948, "unseen__method_rec": 0.6948717832565308, "unseen__method_f1": 0.6843433976173401, "unseen__material_pr": 0.4331550896167755, "unseen__material_rec": 0.6480000019073486, "unseen__material_f1": 0.5192307829856873, "unseen__otherscientificterm_pr": 0.46531301736831665, "unseen__otherscientificterm_rec": 0.6207674741744995, "unseen__otherscientificterm_f1": 0.5319148302078247, "unseen__metric_pr": 0.3611111044883728, "unseen__metric_rec": 0.48148149251937866, "unseen__metric_f1": 0.4126984179019928, "unseen__generic_pr": 0.0656934306025505, "unseen__generic_rec": 0.36734694242477417, "unseen__generic_f1": 0.11145511269569397}, "test_metrics_bounds": {"seen__f1": 0.0, "seen__pr": 0.0, "seen__rec": 0.0, "seen__ner_f1": 0.4515235424041748, "seen__ner_pr": 0.30552953481674194, "seen__ner_rec": 0.8647214770317078, "seen__macro_f1": 0.0, "seen__macro_pr": 0.0, "seen__macro_rec": 0.0, "seen__macro_ner_f1": 0.4515235424041748, "seen__macro_ner_pr": 0.30552953481674194, "seen__macro_ner_rec": 0.8647214770317078, "seen__samples_per_s": 231.6804360034247, "seen__samples_total_num": 276, "seen__samples_total_s": 1.191296100616455, "unseen__f1": 0.0, "unseen__pr": 0.0, "unseen__rec": 0.0, "unseen__ner_f1": 0.6756843328475952, "unseen__ner_pr": 0.5798783898353577, "unseen__ner_rec": 0.8094135522842407, "unseen__macro_f1": 0.0, "unseen__macro_pr": 0.0, "unseen__macro_rec": 0.0, "unseen__macro_ner_f1": 0.6756843328475952, "unseen__macro_ner_pr": 0.5798783898353577, "unseen__macro_ner_rec": 0.8094135522842407, "unseen__samples_per_s": 339.4998903662025, "unseen__samples_total_num": 505, "unseen__samples_total_s": 1.4874820709228516}}