{"test_metrics": {"seen__f1": 0.0, "seen__pr": 0.0, "seen__rec": 0.0, "seen__ner_f1": 0.6482769250869751, "seen__ner_pr": 0.5485321283340454, "seen__ner_rec": 0.7923591136932373, "seen__macro_f1": 0.0, "seen__macro_pr": 0.0, "seen__macro_rec": 0.0, "seen__macro_ner_f1": 0.4549378454685211, "seen__macro_ner_pr": 0.3497280180454254, "seen__macro_ner_rec": 0.8441419005393982, "seen__samples_per_s": 540.5654003284806, "seen__samples_total_num": 3619, "seen__samples_total_s": 6.694842100143433, "seen__organization_pr": 0.19230769574642181, "seen__organization_rec": 0.8653846383094788, "seen__organization_f1": 0.3146853446960449, "seen__location_pr": 0.6448059678077698, "seen__location_rec": 0.78550785779953, "seen__location_f1": 0.7082363367080688, "seen__person_pr": 0.21207040548324585, "seen__person_rec": 0.8815330862998962, "seen__person_f1": 0.341891884803772, "unseen__f1": 0.0, "unseen__pr": 0.0, "unseen__rec": 0.0, "unseen__ner_f1": 0.6617943048477173, "unseen__ner_pr": 0.5682632923126221, "unseen__ner_rec": 0.7921799421310425, "unseen__macro_f1": 0.0, "unseen__macro_pr": 0.0, "unseen__macro_rec": 0.0, "unseen__macro_ner_f1": 0.6639492511749268, "unseen__macro_ner_pr": 0.6066310405731201, "unseen__macro_ner_rec": 0.7505543828010559, "unseen__samples_per_s": 558.0468843663333, "unseen__samples_total_num": 3757, "unseen__samples_total_s": 6.732409238815308, "unseen__organization_pr": 0.553164541721344, "unseen__organization_rec": 0.6681957244873047, "unseen__organization_f1": 0.6052631735801697, "unseen__location_pr": 0.5168850421905518, "unseen__location_rec": 0.8401319980621338, "unseen__location_f1": 0.6400091648101807, "unseen__person_pr": 0.7498436570167542, "unseen__person_rec": 0.7433354258537292, "unseen__person_f1": 0.7465752959251404}, "test_metrics_bounds": {"seen__f1": 0.0, "seen__pr": 0.0, "seen__rec": 0.0, "seen__ner_f1": 0.6593732833862305, "seen__ner_pr": 0.5579211711883545, "seen__ner_rec": 0.8059216737747192, "seen__macro_f1": 0.0, "seen__macro_pr": 0.0, "seen__macro_rec": 0.0, "seen__macro_ner_f1": 0.6593732833862305, "seen__macro_ner_pr": 0.5579211711883545, "seen__macro_ner_rec": 0.8059216737747192, "seen__samples_per_s": 540.5654003284806, "seen__samples_total_num": 3619, "seen__samples_total_s": 6.694842100143433, "unseen__f1": 0.0, "unseen__pr": 0.0, "unseen__rec": 0.0, "unseen__ner_f1": 0.6898351907730103, "unseen__ner_pr": 0.5923411846160889, "unseen__ner_rec": 0.8257454037666321, "unseen__macro_f1": 0.0, "unseen__macro_pr": 0.0, "unseen__macro_rec": 0.0, "unseen__macro_ner_f1": 0.6898351907730103, "unseen__macro_ner_pr": 0.5923411846160889, "unseen__macro_ner_rec": 0.8257454037666321, "unseen__samples_per_s": 558.0468843663333, "unseen__samples_total_num": 3757, "unseen__samples_total_s": 6.732409238815308}}