{"test_metrics": {"seen__f1": 0.0, "seen__pr": 0.0, "seen__rec": 0.0, "seen__ner_f1": 0.7986603379249573, "seen__ner_pr": 0.7045568227767944, "seen__ner_rec": 0.9217767119407654, "seen__macro_f1": 0.0, "seen__macro_pr": 0.0, "seen__macro_rec": 0.0, "seen__macro_ner_f1": 0.6465005278587341, "seen__macro_ner_pr": 0.5311315655708313, "seen__macro_ner_rec": 0.8882076144218445, "seen__samples_per_s": 545.5813651369189, "seen__samples_total_num": 4559, "seen__samples_total_s": 8.356223821640015, "seen__organization_pr": 0.4442477822303772, "seen__organization_rec": 0.8311258554458618, "seen__organization_f1": 0.5790080428123474, "seen__location_pr": 0.805468738079071, "seen__location_rec": 0.9274362921714783, "seen__location_f1": 0.862160325050354, "seen__person_pr": 0.34367814660072327, "seen__person_rec": 0.9060605764389038, "seen__person_f1": 0.4983333349227905, "unseen__f1": 0.0, "unseen__pr": 0.0, "unseen__rec": 0.0, "unseen__ner_f1": 0.5574712753295898, "unseen__ner_pr": 0.44122999906539917, "unseen__ner_rec": 0.7568663954734802, "unseen__macro_f1": 0.0, "unseen__macro_pr": 0.0, "unseen__macro_rec": 0.0, "unseen__macro_ner_f1": 0.5917370319366455, "unseen__macro_ner_pr": 0.5303535461425781, "unseen__macro_ner_rec": 0.7220671772956848, "unseen__samples_per_s": 579.636913589475, "unseen__samples_total_num": 2520, "unseen__samples_total_s": 4.347549200057983, "unseen__organization_pr": 0.5502958297729492, "unseen__organization_rec": 0.6118420958518982, "unseen__organization_f1": 0.5794392228126526, "unseen__location_pr": 0.332882285118103, "unseen__location_rec": 0.8156498670578003, "unseen__location_f1": 0.4728041887283325, "unseen__person_pr": 0.7078825235366821, "unseen__person_rec": 0.7387096881866455, "unseen__person_f1": 0.7229676246643066}, "test_metrics_bounds": {"seen__f1": 0.0, "seen__pr": 0.0, "seen__rec": 0.0, "seen__ner_f1": 0.8046772480010986, "seen__ner_pr": 0.7098647952079773, "seen__ner_rec": 0.9287211894989014, "seen__macro_f1": 0.0, "seen__macro_pr": 0.0, "seen__macro_rec": 0.0, "seen__macro_ner_f1": 0.8046772480010986, "seen__macro_ner_pr": 0.7098647952079773, "seen__macro_ner_rec": 0.9287211894989014, "seen__samples_per_s": 545.5813651369189, "seen__samples_total_num": 4559, "seen__samples_total_s": 8.356223821640015, "unseen__f1": 0.0, "unseen__pr": 0.0, "unseen__rec": 0.0, "unseen__ner_f1": 0.591034471988678, "unseen__ner_pr": 0.4677947461605072, "unseen__ner_rec": 0.8024344444274902, "unseen__macro_f1": 0.0, "unseen__macro_pr": 0.0, "unseen__macro_rec": 0.0, "unseen__macro_ner_f1": 0.591034471988678, "unseen__macro_ner_pr": 0.4677947461605072, "unseen__macro_ner_rec": 0.8024344444274902, "unseen__samples_per_s": 579.636913589475, "unseen__samples_total_num": 2520, "unseen__samples_total_s": 4.347549200057983}}