{"test_metrics": {"seen__f1": 0.0, "seen__pr": 0.0, "seen__rec": 0.0, "seen__ner_f1": 0.3260553181171417, "seen__ner_pr": 0.2153846174478531, "seen__ner_rec": 0.6706587076187134, "seen__macro_f1": 0.0, "seen__macro_pr": 0.0, "seen__macro_rec": 0.0, "seen__macro_ner_f1": 0.199767604470253, "seen__macro_ner_pr": 0.17956948280334473, "seen__macro_ner_rec": 0.33997318148612976, "seen__samples_per_s": 201.2122816713316, "seen__samples_total_num": 148, "seen__samples_total_s": 0.735541582107544, "seen__task_pr": 0.0, "seen__task_rec": 0.0, "seen__task_f1": 0.0, "seen__method_pr": 0.010526316240429878, "seen__method_rec": 0.20000000298023224, "seen__method_f1": 0.020000001415610313, "seen__material_pr": 0.0, "seen__material_rec": 0.0, "seen__material_f1": 0.0, "seen__otherscientificterm_pr": 0.021739130839705467, "seen__otherscientificterm_rec": 0.4285714328289032, "seen__otherscientificterm_f1": 0.04137931019067764, "seen__metric_pr": 0.2800000011920929, "seen__metric_rec": 0.699999988079071, "seen__metric_f1": 0.3999999761581421, "seen__generic_pr": 0.7651515007019043, "seen__generic_rec": 0.7112675905227661, "seen__generic_f1": 0.7372263073921204, "unseen__f1": 0.0, "unseen__pr": 0.0, "unseen__rec": 0.0, "unseen__ner_f1": 0.5863274931907654, "unseen__ner_pr": 0.5625381469726562, "unseen__ner_rec": 0.6122177839279175, "unseen__macro_f1": 0.0, "unseen__macro_pr": 0.0, "unseen__macro_rec": 0.0, "unseen__macro_ner_f1": 0.5453552603721619, "unseen__macro_ner_pr": 0.5258062481880188, "unseen__macro_ner_rec": 0.5845811367034912, "unseen__samples_per_s": 414.0633913851003, "unseen__samples_total_num": 521, "unseen__samples_total_s": 1.2582614421844482, "unseen__task_pr": 0.6283524632453918, "unseen__task_rec": 0.6332046389579773, "unseen__task_f1": 0.6307691931724548, "unseen__method_pr": 0.7299270033836365, "unseen__method_rec": 0.7142857313156128, "unseen__method_f1": 0.7220216989517212, "unseen__material_pr": 0.6064516305923462, "unseen__material_rec": 0.594936728477478, "unseen__material_f1": 0.6006389856338501, "unseen__otherscientificterm_pr": 0.5514563322067261, "unseen__otherscientificterm_rec": 0.5568627715110779, "unseen__otherscientificterm_f1": 0.554146409034729, "unseen__metric_pr": 0.4189189076423645, "unseen__metric_rec": 0.5081967115402222, "unseen__metric_f1": 0.4592592716217041, "unseen__generic_pr": 0.219730943441391, "unseen__generic_rec": 0.5, "unseen__generic_f1": 0.3052959442138672}, "test_metrics_bounds": {"seen__f1": 0.0, "seen__pr": 0.0, "seen__rec": 0.0, "seen__ner_f1": 0.3435225486755371, "seen__ner_pr": 0.22692307829856873, "seen__ner_rec": 0.7065868377685547, "seen__macro_f1": 0.0, "seen__macro_pr": 0.0, "seen__macro_rec": 0.0, "seen__macro_ner_f1": 0.3435225486755371, "seen__macro_ner_pr": 0.22692307829856873, "seen__macro_ner_rec": 0.7065868377685547, "seen__samples_per_s": 201.2122816713316, "seen__samples_total_num": 148, "seen__samples_total_s": 0.735541582107544, "unseen__f1": 0.0, "unseen__pr": 0.0, "unseen__rec": 0.0, "unseen__ner_f1": 0.7344991564750671, "unseen__ner_pr": 0.7046979665756226, "unseen__ner_rec": 0.7669322490692139, "unseen__macro_f1": 0.0, "unseen__macro_pr": 0.0, "unseen__macro_rec": 0.0, "unseen__macro_ner_f1": 0.7344991564750671, "unseen__macro_ner_pr": 0.7046979665756226, "unseen__macro_ner_rec": 0.7669322490692139, "unseen__samples_per_s": 414.0633913851003, "unseen__samples_total_num": 521, "unseen__samples_total_s": 1.2582614421844482}}