{"test_metrics": {"unseen__f1": 0.0, "unseen__pr": 0.0, "unseen__rec": 0.0, "unseen__ner_f1": 0.6866695880889893, "unseen__ner_pr": 0.7724204659461975, "unseen__ner_rec": 0.6180555820465088, "unseen__macro_f1": 0.0, "unseen__macro_pr": 0.0, "unseen__macro_rec": 0.0, "unseen__macro_ner_f1": 0.5021194815635681, "unseen__macro_ner_pr": 0.6507552862167358, "unseen__macro_ner_rec": 0.4457765221595764, "unseen__samples_per_s": 108.25744894804356, "unseen__samples_total_num": 2050, "unseen__samples_total_s": 18.936341285705566, "unseen__per_pr": 0.8521190285682678, "unseen__per_rec": 0.6818181872367859, "unseen__per_f1": 0.757515013217926, "unseen__org_pr": 0.5997151136398315, "unseen__org_rec": 0.519753098487854, "unseen__org_f1": 0.5568783283233643, "unseen__wea_pr": 0.3333333432674408, "unseen__wea_rec": 0.07619047909975052, "unseen__wea_f1": 0.12403101474046707, "unseen__gpe_pr": 0.7766081690788269, "unseen__gpe_rec": 0.678243100643158, "unseen__gpe_f1": 0.7241002917289734, "unseen__veh_pr": 0.7916666865348816, "unseen__veh_rec": 0.5327102541923523, "unseen__veh_f1": 0.6368715167045593, "unseen__fac_pr": 0.5907335877418518, "unseen__fac_rec": 0.5483871102333069, "unseen__fac_f1": 0.5687732100486755, "unseen__loc_pr": 0.6111111044883728, "unseen__loc_rec": 0.0833333358168602, "unseen__loc_f1": 0.14666667580604553, "seen__f1": 0.0, "seen__pr": 0.0, "seen__rec": 0.0, "seen__ner_f1": 0.0, "seen__ner_pr": 0.0, "seen__ner_rec": 0.0, "seen__macro_f1": 0.0, "seen__macro_pr": 0.0, "seen__macro_rec": 0.0, "seen__macro_ner_f1": 0.0, "seen__macro_ner_pr": 0.0, "seen__macro_ner_rec": 0.0, "seen__samples_per_s": 117.20710519896481, "seen__samples_total_num": 2050, "seen__samples_total_s": 17.49040722846985, "seen__per_pr": 0.0, "seen__per_rec": 0.0, "seen__per_f1": 0.0, "seen__org_pr": 0.0, "seen__org_rec": 0.0, "seen__org_f1": 0.0, "seen__wea_pr": 0.0, "seen__wea_rec": 0.0, "seen__wea_f1": 0.0, "seen__gpe_pr": 0.0, "seen__gpe_rec": 0.0, "seen__gpe_f1": 0.0, "seen__veh_pr": 0.0, "seen__veh_rec": 0.0, "seen__veh_f1": 0.0, "seen__fac_pr": 0.0, "seen__fac_rec": 0.0, "seen__fac_f1": 0.0, "seen__loc_pr": 0.0, "seen__loc_rec": 0.0, "seen__loc_f1": 0.0}, "test_metrics_bounds": {"unseen__f1": 0.0, "unseen__pr": 0.0, "unseen__rec": 0.0, "unseen__ner_f1": 0.8108747005462646, "unseen__ner_pr": 0.9135593175888062, "unseen__ner_rec": 0.7289412617683411, "unseen__macro_f1": 0.0, "unseen__macro_pr": 0.0, "unseen__macro_rec": 0.0, "unseen__macro_ner_f1": 0.8108747005462646, "unseen__macro_ner_pr": 0.9135593175888062, "unseen__macro_ner_rec": 0.7289412617683411, "unseen__samples_per_s": 108.25744894804356, "unseen__samples_total_num": 2050, "unseen__samples_total_s": 18.936341285705566, "seen__f1": 0.0, "seen__pr": 0.0, "seen__rec": 0.0, "seen__ner_f1": 0.0, "seen__ner_pr": 0.0, "seen__ner_rec": 0.0, "seen__macro_f1": 0.0, "seen__macro_pr": 0.0, "seen__macro_rec": 0.0, "seen__macro_ner_f1": 0.0, "seen__macro_ner_pr": 0.0, "seen__macro_ner_rec": 0.0, "seen__samples_per_s": 117.20710519896481, "seen__samples_total_num": 2050, "seen__samples_total_s": 17.49040722846985}}