{"test_metrics": {"seen__f1": 0.0, "seen__pr": 0.0, "seen__rec": 0.0, "seen__ner_f1": 0.0, "seen__ner_pr": 0.0, "seen__ner_rec": 0.0, "seen__macro_f1": 0.0, "seen__macro_pr": 0.0, "seen__macro_rec": 0.0, "seen__macro_ner_f1": 0.0, "seen__macro_ner_pr": 0.0, "seen__macro_ner_rec": 0.0, "seen__samples_per_s": 0.0, "seen__samples_total_num": 0, "seen__samples_total_s": 0.0, "seen__organization_pr": 0.0, "seen__organization_rec": 0.0, "seen__organization_f1": 0.0, "seen__location_pr": 0.0, "seen__location_rec": 0.0, "seen__location_f1": 0.0, "seen__person_pr": 0.0, "seen__person_rec": 0.0, "seen__person_f1": 0.0, "unseen__f1": 0.0, "unseen__pr": 0.0, "unseen__rec": 0.0, "unseen__ner_f1": 0.5629451274871826, "unseen__ner_pr": 0.6165677905082703, "unseen__ner_rec": 0.5179032683372498, "unseen__macro_f1": 0.0, "unseen__macro_pr": 0.0, "unseen__macro_rec": 0.0, "unseen__macro_ner_f1": 0.537456214427948, "unseen__macro_ner_pr": 0.542452871799469, "unseen__macro_ner_rec": 0.6375251412391663, "unseen__samples_per_s": 705.5900517465857, "unseen__samples_total_num": 5000, "unseen__samples_total_s": 7.086267709732056, "unseen__organization_pr": 0.27716535329818726, "unseen__organization_rec": 0.6965699195861816, "unseen__organization_f1": 0.39654526114463806, "unseen__location_pr": 0.7921508550643921, "unseen__location_rec": 0.4417950510978699, "unseen__location_f1": 0.567234456539154, "unseen__person_pr": 0.5580424666404724, "unseen__person_rec": 0.774210512638092, "unseen__person_f1": 0.648589015007019}, "test_metrics_bounds": {"seen__f1": 0.0, "seen__pr": 0.0, "seen__rec": 0.0, "seen__ner_f1": 0.0, "seen__ner_pr": 0.0, "seen__ner_rec": 0.0, "seen__macro_f1": 0.0, "seen__macro_pr": 0.0, "seen__macro_rec": 0.0, "seen__macro_ner_f1": 0.0, "seen__macro_ner_pr": 0.0, "seen__macro_ner_rec": 0.0, "seen__samples_per_s": 0.0, "seen__samples_total_num": 0, "seen__samples_total_s": 0.0, "unseen__f1": 0.0, "unseen__pr": 0.0, "unseen__rec": 0.0, "unseen__ner_f1": 0.6305863261222839, "unseen__ner_pr": 0.6906933188438416, "unseen__ner_rec": 0.58010333776474, "unseen__macro_f1": 0.0, "unseen__macro_pr": 0.0, "unseen__macro_rec": 0.0, "unseen__macro_ner_f1": 0.6305863261222839, "unseen__macro_ner_pr": 0.6906933188438416, "unseen__macro_ner_rec": 0.58010333776474, "unseen__samples_per_s": 705.5900517465857, "unseen__samples_total_num": 5000, "unseen__samples_total_s": 7.086267709732056}}