{"test_metrics": {"seen__f1": 0.0, "seen__pr": 0.0, "seen__rec": 0.0, "seen__ner_f1": 0.0, "seen__ner_pr": 0.0, "seen__ner_rec": 0.0, "seen__macro_f1": 0.0, "seen__macro_pr": 0.0, "seen__macro_rec": 0.0, "seen__macro_ner_f1": 0.0, "seen__macro_ner_pr": 0.0, "seen__macro_ner_rec": 0.0, "seen__samples_per_s": 556.5697589953996, "seen__samples_total_num": 1854, "seen__samples_total_s": 3.3311188220977783, "seen__dna_pr": 0.0, "seen__dna_rec": 0.0, "seen__dna_f1": 0.0, "seen__rna_pr": 0.0, "seen__rna_rec": 0.0, "seen__rna_f1": 0.0, "seen__cell_type_pr": 0.0, "seen__cell_type_rec": 0.0, "seen__cell_type_f1": 0.0, "seen__protein_pr": 0.0, "seen__protein_rec": 0.0, "seen__protein_f1": 0.0, "seen__cell_line_pr": 0.0, "seen__cell_line_rec": 0.0, "seen__cell_line_f1": 0.0, "unseen__f1": 0.0, "unseen__pr": 0.0, "unseen__rec": 0.0, "unseen__ner_f1": 0.720855176448822, "unseen__ner_pr": 0.761559784412384, "unseen__ner_rec": 0.684281051158905, "unseen__macro_f1": 0.0, "unseen__macro_pr": 0.0, "unseen__macro_rec": 0.0, "unseen__macro_ner_f1": 0.7219523191452026, "unseen__macro_ner_pr": 0.7825733423233032, "unseen__macro_ner_rec": 0.6718437075614929, "unseen__samples_per_s": 627.6478271309686, "unseen__samples_total_num": 1854, "unseen__samples_total_s": 2.953885793685913, "unseen__dna_pr": 0.7561869621276855, "unseen__dna_rec": 0.6680161952972412, "unseen__dna_f1": 0.7093722820281982, "unseen__rna_pr": 0.9080459475517273, "unseen__rna_rec": 0.7596153616905212, "unseen__rna_f1": 0.8272250890731812, "unseen__cell_type_pr": 0.7522727251052856, "unseen__cell_type_rec": 0.5610169768333435, "unseen__cell_type_f1": 0.642718493938446, "unseen__protein_pr": 0.7649031281471252, "unseen__protein_rec": 0.7190893292427063, "unseen__protein_f1": 0.7412890791893005, "unseen__cell_line_pr": 0.7314578294754028, "unseen__cell_line_rec": 0.6514806151390076, "unseen__cell_line_f1": 0.6891566514968872}, "test_metrics_bounds": {"seen__f1": 0.0, "seen__pr": 0.0, "seen__rec": 0.0, "seen__ner_f1": 0.0, "seen__ner_pr": 0.0, "seen__ner_rec": 0.0, "seen__macro_f1": 0.0, "seen__macro_pr": 0.0, "seen__macro_rec": 0.0, "seen__macro_ner_f1": 0.0, "seen__macro_ner_pr": 0.0, "seen__macro_ner_rec": 0.0, "seen__samples_per_s": 556.5697589953996, "seen__samples_total_num": 1854, "seen__samples_total_s": 3.3311188220977783, "unseen__f1": 0.0, "unseen__pr": 0.0, "unseen__rec": 0.0, "unseen__ner_f1": 0.7726309299468994, "unseen__ner_pr": 0.8169013857841492, "unseen__ner_rec": 0.7329121232032776, "unseen__macro_f1": 0.0, "unseen__macro_pr": 0.0, "unseen__macro_rec": 0.0, "unseen__macro_ner_f1": 0.7726309299468994, "unseen__macro_ner_pr": 0.8169013857841492, "unseen__macro_ner_rec": 0.7329121232032776, "unseen__samples_per_s": 627.6478271309686, "unseen__samples_total_num": 1854, "unseen__samples_total_s": 2.953885793685913}}