{"test_metrics": {"seen__f1": 0.0, "seen__pr": 0.0, "seen__rec": 0.0, "seen__ner_f1": 0.8231773376464844, "seen__ner_pr": 0.7306355237960815, "seen__ner_rec": 0.942561686038971, "seen__macro_f1": 0.0, "seen__macro_pr": 0.0, "seen__macro_rec": 0.0, "seen__macro_ner_f1": 0.6955697536468506, "seen__macro_ner_pr": 0.5844138264656067, "seen__macro_ner_rec": 0.8968772292137146, "seen__samples_per_s": 551.9547152315097, "seen__samples_total_num": 4640, "seen__samples_total_s": 8.406486749649048, "seen__organization_pr": 0.529411792755127, "seen__organization_rec": 0.8040345907211304, "seen__organization_f1": 0.6384440064430237, "seen__location_pr": 0.8106210231781006, "seen__location_rec": 0.9501733183860779, "seen__location_f1": 0.8748670220375061, "seen__person_pr": 0.41320866346359253, "seen__person_rec": 0.9364238381385803, "seen__person_f1": 0.573398232460022, "unseen__f1": 0.0, "unseen__pr": 0.0, "unseen__rec": 0.0, "unseen__ner_f1": 0.5360060930252075, "unseen__ner_pr": 0.4179609715938568, "unseen__ner_rec": 0.7469750642776489, "unseen__macro_f1": 0.0, "unseen__macro_pr": 0.0, "unseen__macro_rec": 0.0, "unseen__macro_ner_f1": 0.5648784041404724, "unseen__macro_ner_pr": 0.5157437920570374, "unseen__macro_ner_rec": 0.6977822184562683, "unseen__samples_per_s": 596.6768814645392, "unseen__samples_total_num": 2262, "unseen__samples_total_s": 3.790996551513672, "unseen__organization_pr": 0.5093457698822021, "unseen__organization_rec": 0.5304136276245117, "unseen__organization_f1": 0.5196662545204163, "unseen__location_pr": 0.3036074936389923, "unseen__location_rec": 0.8389154672622681, "unseen__location_f1": 0.4458571672439575, "unseen__person_pr": 0.73427814245224, "unseen__person_rec": 0.7240174412727356, "unseen__person_f1": 0.7291116714477539}, "test_metrics_bounds": {"seen__f1": 0.0, "seen__pr": 0.0, "seen__rec": 0.0, "seen__ner_f1": 0.8260065317153931, "seen__ner_pr": 0.733146607875824, "seen__ner_rec": 0.9458011388778687, "seen__macro_f1": 0.0, "seen__macro_pr": 0.0, "seen__macro_rec": 0.0, "seen__macro_ner_f1": 0.8260065317153931, "seen__macro_ner_pr": 0.733146607875824, "seen__macro_ner_rec": 0.9458011388778687, "seen__samples_per_s": 551.9547152315097, "seen__samples_total_num": 4640, "seen__samples_total_s": 8.406486749649048, "unseen__f1": 0.0, "unseen__pr": 0.0, "unseen__rec": 0.0, "unseen__ner_f1": 0.5743104815483093, "unseen__ner_pr": 0.44782954454421997, "unseen__ner_rec": 0.800355851650238, "unseen__macro_f1": 0.0, "unseen__macro_pr": 0.0, "unseen__macro_rec": 0.0, "unseen__macro_ner_f1": 0.5743104815483093, "unseen__macro_ner_pr": 0.44782954454421997, "unseen__macro_ner_rec": 0.800355851650238, "unseen__samples_per_s": 596.6768814645392, "unseen__samples_total_num": 2262, "unseen__samples_total_s": 3.790996551513672}}