{"test_metrics": {"unseen__f1": 0.0, "unseen__pr": 0.0, "unseen__rec": 0.0, "unseen__ner_f1": 0.5818527936935425, "unseen__ner_pr": 0.5461584329605103, "unseen__ner_rec": 0.6225390434265137, "unseen__macro_f1": 0.0, "unseen__macro_pr": 0.0, "unseen__macro_rec": 0.0, "unseen__macro_ner_f1": 0.5413792729377747, "unseen__macro_ner_pr": 0.5111902356147766, "unseen__macro_ner_rec": 0.5860474705696106, "unseen__samples_per_s": 299.94996419485784, "unseen__samples_total_num": 518, "unseen__samples_total_s": 1.726954698562622, "unseen__task_pr": 0.5714285969734192, "unseen__task_rec": 0.6055777072906494, "unseen__task_f1": 0.5880078077316284, "unseen__method_pr": 0.6730360984802246, "unseen__method_rec": 0.7712895274162292, "unseen__method_f1": 0.7188208103179932, "unseen__material_pr": 0.5448718070983887, "unseen__material_rec": 0.5902777910232544, "unseen__material_f1": 0.5666667222976685, "unseen__otherscientificterm_pr": 0.56175297498703, "unseen__otherscientificterm_rec": 0.5662650465965271, "unseen__otherscientificterm_f1": 0.5640000104904175, "unseen__metric_pr": 0.4923076927661896, "unseen__metric_rec": 0.5333333611488342, "unseen__metric_f1": 0.5120000243186951, "unseen__generic_pr": 0.22374428808689117, "unseen__generic_rec": 0.44954127073287964, "unseen__generic_f1": 0.29878050088882446, "seen__f1": 0.0, "seen__pr": 0.0, "seen__rec": 0.0, "seen__ner_f1": 0.3414634168148041, "seen__ner_pr": 0.22580644488334656, "seen__ner_rec": 0.699999988079071, "seen__macro_f1": 0.0, "seen__macro_pr": 0.0, "seen__macro_rec": 0.0, "seen__macro_ner_f1": 0.2528364360332489, "seen__macro_ner_pr": 0.2053837925195694, "seen__macro_ner_rec": 0.5641528367996216, "seen__samples_per_s": 341.74970446027146, "seen__samples_total_num": 173, "seen__samples_total_s": 0.506218433380127, "seen__task_pr": 0.09574468433856964, "seen__task_rec": 0.8181818127632141, "seen__task_f1": 0.17142857611179352, "seen__method_pr": 0.05999999865889549, "seen__method_rec": 0.6428571343421936, "seen__method_f1": 0.10975609719753265, "seen__material_pr": 0.1071428582072258, "seen__material_rec": 0.4285714328289032, "seen__material_f1": 0.17142857611179352, "seen__otherscientificterm_pr": 0.04878048598766327, "seen__otherscientificterm_rec": 0.42105263471603394, "seen__otherscientificterm_f1": 0.08743168413639069, "seen__metric_pr": 0.1428571492433548, "seen__metric_rec": 0.27272728085517883, "seen__metric_f1": 0.1875, "seen__generic_pr": 0.7777777910232544, "seen__generic_rec": 0.8015267252922058, "seen__generic_f1": 0.7894737124443054}, "test_metrics_bounds": {"unseen__f1": 0.0, "unseen__pr": 0.0, "unseen__rec": 0.0, "unseen__ner_f1": 0.729583740234375, "unseen__ner_pr": 0.6857825517654419, "unseen__ner_rec": 0.7793618440628052, "unseen__macro_f1": 0.0, "unseen__macro_pr": 0.0, "unseen__macro_rec": 0.0, "unseen__macro_ner_f1": 0.729583740234375, "unseen__macro_ner_pr": 0.6857825517654419, "unseen__macro_ner_rec": 0.7793618440628052, "unseen__samples_per_s": 299.94996419485784, "unseen__samples_total_num": 518, "unseen__samples_total_s": 1.726954698562622, "seen__f1": 0.0, "seen__pr": 0.0, "seen__rec": 0.0, "seen__ner_f1": 0.3569682240486145, "seen__ner_pr": 0.23624595999717712, "seen__ner_rec": 0.7300000190734863, "seen__macro_f1": 0.0, "seen__macro_pr": 0.0, "seen__macro_rec": 0.0, "seen__macro_ner_f1": 0.3569682240486145, "seen__macro_ner_pr": 0.23624595999717712, "seen__macro_ner_rec": 0.7300000190734863, "seen__samples_per_s": 341.74970446027146, "seen__samples_total_num": 173, "seen__samples_total_s": 0.506218433380127}}