{"test_metrics": {"seen__f1": 0.0, "seen__pr": 0.0, "seen__rec": 0.0, "seen__ner_f1": 0.7238016128540039, "seen__ner_pr": 0.6288461685180664, "seen__ner_rec": 0.8525338172912598, "seen__macro_f1": 0.0, "seen__macro_pr": 0.0, "seen__macro_rec": 0.0, "seen__macro_ner_f1": 0.5424328446388245, "seen__macro_ner_pr": 0.4369676113128662, "seen__macro_ner_rec": 0.797340452671051, "seen__samples_per_s": 565.4835843594677, "seen__samples_total_num": 4030, "seen__samples_total_s": 7.126643657684326, "seen__organization_pr": 0.3202933967113495, "seen__organization_rec": 0.6549999713897705, "seen__organization_f1": 0.43021345138549805, "seen__location_pr": 0.7193328142166138, "seen__location_rec": 0.8577110767364502, "seen__location_f1": 0.7824509143829346, "seen__person_pr": 0.271276593208313, "seen__person_rec": 0.8793103694915771, "seen__person_f1": 0.41463416814804077, "unseen__f1": 0.0, "unseen__pr": 0.0, "unseen__rec": 0.0, "unseen__ner_f1": 0.6281794905662537, "unseen__ner_pr": 0.5304985046386719, "unseen__ner_rec": 0.7699510455131531, "unseen__macro_f1": 0.0, "unseen__macro_pr": 0.0, "unseen__macro_rec": 0.0, "unseen__macro_ner_f1": 0.6442096829414368, "unseen__macro_ner_pr": 0.5970497727394104, "unseen__macro_ner_rec": 0.7272384166717529, "unseen__samples_per_s": 615.1992594123883, "unseen__samples_total_num": 3339, "unseen__samples_total_s": 5.427509784698486, "unseen__organization_pr": 0.5943238735198975, "unseen__organization_rec": 0.6379928588867188, "unseen__organization_f1": 0.6153846383094788, "unseen__location_pr": 0.4597652852535248, "unseen__location_rec": 0.8288628458976746, "unseen__location_f1": 0.5914543867111206, "unseen__person_pr": 0.7370600700378418, "unseen__person_rec": 0.7148594260215759, "unseen__person_f1": 0.7257899641990662}, "test_metrics_bounds": {"seen__f1": 0.0, "seen__pr": 0.0, "seen__rec": 0.0, "seen__ner_f1": 0.7308570146560669, "seen__ner_pr": 0.6349759697914124, "seen__ner_rec": 0.860844075679779, "seen__macro_f1": 0.0, "seen__macro_pr": 0.0, "seen__macro_rec": 0.0, "seen__macro_ner_f1": 0.7308570146560669, "seen__macro_ner_pr": 0.6349759697914124, "seen__macro_ner_rec": 0.860844075679779, "seen__samples_per_s": 565.4835843594677, "seen__samples_total_num": 4030, "seen__samples_total_s": 7.126643657684326, "unseen__f1": 0.0, "unseen__pr": 0.0, "unseen__rec": 0.0, "unseen__ner_f1": 0.657696008682251, "unseen__ner_pr": 0.555425226688385, "unseen__ner_rec": 0.806128978729248, "unseen__macro_f1": 0.0, "unseen__macro_pr": 0.0, "unseen__macro_rec": 0.0, "unseen__macro_ner_f1": 0.657696008682251, "unseen__macro_ner_pr": 0.555425226688385, "unseen__macro_ner_rec": 0.806128978729248, "unseen__samples_per_s": 615.1992594123883, "unseen__samples_total_num": 3339, "unseen__samples_total_s": 5.427509784698486}}