{"test_metrics": {"unseen__f1": 0.0, "unseen__pr": 0.0, "unseen__rec": 0.0, "unseen__ner_f1": 0.5669601559638977, "unseen__ner_pr": 0.44297611713409424, "unseen__ner_rec": 0.7873230576515198, "unseen__macro_f1": 0.0, "unseen__macro_pr": 0.0, "unseen__macro_rec": 0.0, "unseen__macro_ner_f1": 0.5929741263389587, "unseen__macro_ner_pr": 0.5127262473106384, "unseen__macro_ner_rec": 0.751349925994873, "unseen__samples_per_s": 522.4668473420943, "unseen__samples_total_num": 2453, "unseen__samples_total_s": 4.695034742355347, "unseen__organization_pr": 0.5045045018196106, "unseen__organization_rec": 0.6320541501045227, "unseen__organization_f1": 0.5611221790313721, "unseen__location_pr": 0.3355611264705658, "unseen__location_rec": 0.8379694223403931, "unseen__location_f1": 0.47922053933143616, "unseen__person_pr": 0.698113203048706, "unseen__person_rec": 0.7840260863304138, "unseen__person_f1": 0.7385796308517456, "seen__f1": 0.0, "seen__pr": 0.0, "seen__rec": 0.0, "seen__ner_f1": 0.7939016819000244, "seen__ner_pr": 0.7002867460250854, "seen__ner_rec": 0.9164078831672668, "seen__macro_f1": 0.0, "seen__macro_pr": 0.0, "seen__macro_rec": 0.0, "seen__macro_ner_f1": 0.6427590847015381, "seen__macro_ner_pr": 0.5256332755088806, "seen__macro_ner_rec": 0.8983260989189148, "seen__samples_per_s": 563.384310597832, "seen__samples_total_num": 4571, "seen__samples_total_s": 8.11346697807312, "seen__organization_pr": 0.42239999771118164, "seen__organization_rec": 0.8380952477455139, "seen__organization_f1": 0.5617021322250366, "seen__location_pr": 0.8060985207557678, "seen__location_rec": 0.9178041815757751, "seen__location_f1": 0.8583321571350098, "seen__person_pr": 0.34840133786201477, "seen__person_rec": 0.9390787482261658, "seen__person_f1": 0.5082429051399231}, "test_metrics_bounds": {"unseen__f1": 0.0, "unseen__pr": 0.0, "unseen__rec": 0.0, "unseen__ner_f1": 0.6001622080802917, "unseen__ner_pr": 0.46894803643226624, "unseen__ner_rec": 0.8333333134651184, "unseen__macro_f1": 0.0, "unseen__macro_pr": 0.0, "unseen__macro_rec": 0.0, "unseen__macro_ner_f1": 0.6001622080802917, "unseen__macro_ner_pr": 0.46894803643226624, "unseen__macro_ner_rec": 0.8333333134651184, "unseen__samples_per_s": 522.4668473420943, "unseen__samples_total_num": 2453, "unseen__samples_total_s": 4.695034742355347, "seen__f1": 0.0, "seen__pr": 0.0, "seen__rec": 0.0, "seen__ner_f1": 0.8000672459602356, "seen__ner_pr": 0.7057253122329712, "seen__ner_rec": 0.9235248565673828, "seen__macro_f1": 0.0, "seen__macro_pr": 0.0, "seen__macro_rec": 0.0, "seen__macro_ner_f1": 0.8000672459602356, "seen__macro_ner_pr": 0.7057253122329712, "seen__macro_ner_rec": 0.9235248565673828, "seen__samples_per_s": 563.384310597832, "seen__samples_total_num": 4571, "seen__samples_total_s": 8.11346697807312}}