{"test_metrics": {"unseen__f1": 0.0, "unseen__pr": 0.0, "unseen__rec": 0.0, "unseen__ner_f1": 0.620227575302124, "unseen__ner_pr": 0.7317440509796143, "unseen__ner_rec": 0.5382059812545776, "unseen__macro_f1": 0.0, "unseen__macro_pr": 0.0, "unseen__macro_rec": 0.0, "unseen__macro_ner_f1": 0.5887331366539001, "unseen__macro_ner_pr": 0.6293163299560547, "unseen__macro_ner_rec": 0.590059757232666, "unseen__samples_per_s": 731.1882422574276, "unseen__samples_total_num": 5000, "unseen__samples_total_s": 6.838184356689453, "unseen__organization_pr": 0.42486584186553955, "unseen__organization_rec": 0.6266490817070007, "unseen__organization_f1": 0.5063966512680054, "unseen__location_pr": 0.8500000238418579, "unseen__location_rec": 0.5072144865989685, "unseen__location_f1": 0.6353193521499634, "unseen__person_pr": 0.6130831837654114, "unseen__person_rec": 0.6363157629966736, "unseen__person_f1": 0.6244834661483765, "seen__f1": 0.0, "seen__pr": 0.0, "seen__rec": 0.0, "seen__ner_f1": 0.0, "seen__ner_pr": 0.0, "seen__ner_rec": 0.0, "seen__macro_f1": 0.0, "seen__macro_pr": 0.0, "seen__macro_rec": 0.0, "seen__macro_ner_f1": 0.0, "seen__macro_ner_pr": 0.0, "seen__macro_ner_rec": 0.0, "seen__samples_per_s": 0.0, "seen__samples_total_num": 0, "seen__samples_total_s": 0.0, "seen__organization_pr": 0.0, "seen__organization_rec": 0.0, "seen__organization_f1": 0.0, "seen__location_pr": 0.0, "seen__location_rec": 0.0, "seen__location_f1": 0.0, "seen__person_pr": 0.0, "seen__person_rec": 0.0, "seen__person_f1": 0.0}, "test_metrics_bounds": {"unseen__f1": 0.0, "unseen__pr": 0.0, "unseen__rec": 0.0, "unseen__ner_f1": 0.6466709971427917, "unseen__ner_pr": 0.763052225112915, "unseen__ner_rec": 0.5610926747322083, "unseen__macro_f1": 0.0, "unseen__macro_pr": 0.0, "unseen__macro_rec": 0.0, "unseen__macro_ner_f1": 0.6466709971427917, "unseen__macro_ner_pr": 0.763052225112915, "unseen__macro_ner_rec": 0.5610926747322083, "unseen__samples_per_s": 731.1882422574276, "unseen__samples_total_num": 5000, "unseen__samples_total_s": 6.838184356689453, "seen__f1": 0.0, "seen__pr": 0.0, "seen__rec": 0.0, "seen__ner_f1": 0.0, "seen__ner_pr": 0.0, "seen__ner_rec": 0.0, "seen__macro_f1": 0.0, "seen__macro_pr": 0.0, "seen__macro_rec": 0.0, "seen__macro_ner_f1": 0.0, "seen__macro_ner_pr": 0.0, "seen__macro_ner_rec": 0.0, "seen__samples_per_s": 0.0, "seen__samples_total_num": 0, "seen__samples_total_s": 0.0}}