{"test_metrics": {"seen__f1": 0.0, "seen__pr": 0.0, "seen__rec": 0.0, "seen__ner_f1": 0.8037161827087402, "seen__ner_pr": 0.6962873339653015, "seen__ner_rec": 0.9503428936004639, "seen__macro_f1": 0.0, "seen__macro_pr": 0.0, "seen__macro_rec": 0.0, "seen__macro_ner_f1": 0.6606895923614502, "seen__macro_ner_pr": 0.5323639512062073, "seen__macro_ner_rec": 0.9213545918464661, "seen__samples_per_s": 535.642884227221, "seen__samples_total_num": 4602, "seen__samples_total_s": 8.591545104980469, "seen__organization_pr": 0.43195265531539917, "seen__organization_rec": 0.8821752071380615, "seen__organization_f1": 0.5799403786659241, "seen__location_pr": 0.7825305461883545, "seen__location_rec": 0.9562225341796875, "seen__location_f1": 0.8607010841369629, "seen__person_pr": 0.38260868191719055, "seen__person_rec": 0.9256662130355835, "seen__person_f1": 0.5414274334907532, "unseen__f1": 0.0, "unseen__pr": 0.0, "unseen__rec": 0.0, "unseen__ner_f1": 0.5417103171348572, "unseen__ner_pr": 0.41327887773513794, "unseen__ner_rec": 0.7859554290771484, "unseen__macro_f1": 0.0, "unseen__macro_pr": 0.0, "unseen__macro_rec": 0.0, "unseen__macro_ner_f1": 0.581633985042572, "unseen__macro_ner_pr": 0.5047888159751892, "unseen__macro_ner_rec": 0.7572609782218933, "unseen__samples_per_s": 562.0586008442784, "unseen__samples_total_num": 2352, "unseen__samples_total_s": 4.184617042541504, "unseen__organization_pr": 0.4717608094215393, "unseen__organization_rec": 0.665105402469635, "unseen__organization_f1": 0.5519922375679016, "unseen__location_pr": 0.2998430132865906, "unseen__location_rec": 0.8501483798027039, "unseen__location_f1": 0.4433269202709198, "unseen__person_pr": 0.7427626252174377, "unseen__person_rec": 0.7565290927886963, "unseen__person_f1": 0.7495827078819275}, "test_metrics_bounds": {"seen__f1": 0.0, "seen__pr": 0.0, "seen__rec": 0.0, "seen__ner_f1": 0.8084420561790466, "seen__ner_pr": 0.7003815174102783, "seen__ner_rec": 0.9559308886528015, "seen__macro_f1": 0.0, "seen__macro_pr": 0.0, "seen__macro_rec": 0.0, "seen__macro_ner_f1": 0.8084420561790466, "seen__macro_ner_pr": 0.7003815174102783, "seen__macro_ner_rec": 0.9559308886528015, "seen__samples_per_s": 535.642884227221, "seen__samples_total_num": 4602, "seen__samples_total_s": 8.591545104980469, "unseen__f1": 0.0, "unseen__pr": 0.0, "unseen__rec": 0.0, "unseen__ner_f1": 0.5794066190719604, "unseen__ner_pr": 0.44203799962997437, "unseen__ner_rec": 0.8406482338905334, "unseen__macro_f1": 0.0, "unseen__macro_pr": 0.0, "unseen__macro_rec": 0.0, "unseen__macro_ner_f1": 0.5794066190719604, "unseen__macro_ner_pr": 0.44203799962997437, "unseen__macro_ner_rec": 0.8406482338905334, "unseen__samples_per_s": 562.0586008442784, "unseen__samples_total_num": 2352, "unseen__samples_total_s": 4.184617042541504}}