{"test_metrics": {"unseen__f1": 0.0, "unseen__pr": 0.0, "unseen__rec": 0.0, "unseen__ner_f1": 0.5316866636276245, "unseen__ner_pr": 0.46162527799606323, "unseen__ner_rec": 0.626819908618927, "unseen__macro_f1": 0.0, "unseen__macro_pr": 0.0, "unseen__macro_rec": 0.0, "unseen__macro_ner_f1": 0.48824355006217957, "unseen__macro_ner_pr": 0.44031795859336853, "unseen__macro_ner_rec": 0.5835120677947998, "unseen__samples_per_s": 355.5805086619978, "unseen__samples_total_num": 506, "unseen__samples_total_s": 1.423025131225586, "unseen__task_pr": 0.5360000133514404, "unseen__task_rec": 0.5654008388519287, "unseen__task_f1": 0.5503080487251282, "unseen__method_pr": 0.661057710647583, "unseen__method_rec": 0.7033247947692871, "unseen__method_f1": 0.6815365552902222, "unseen__material_pr": 0.4736842215061188, "unseen__material_rec": 0.6328125, "unseen__material_f1": 0.5418060421943665, "unseen__otherscientificterm_pr": 0.47028863430023193, "unseen__otherscientificterm_rec": 0.621076226234436, "unseen__otherscientificterm_f1": 0.5352656841278076, "unseen__metric_pr": 0.43421053886413574, "unseen__metric_rec": 0.6111111044883728, "unseen__metric_f1": 0.507692277431488, "unseen__generic_pr": 0.06666667014360428, "unseen__generic_rec": 0.36734694242477417, "unseen__generic_f1": 0.11285267025232315, "seen__f1": 0.0, "seen__pr": 0.0, "seen__rec": 0.0, "seen__ner_f1": 0.41660696268081665, "seen__ner_pr": 0.2827988266944885, "seen__ner_rec": 0.79076087474823, "seen__macro_f1": 0.0, "seen__macro_pr": 0.0, "seen__macro_rec": 0.0, "seen__macro_ner_f1": 0.3720121383666992, "seen__macro_ner_pr": 0.27614179253578186, "seen__macro_ner_rec": 0.7480561137199402, "seen__samples_per_s": 472.9355848732006, "seen__samples_total_num": 272, "seen__samples_total_s": 0.5751311779022217, "seen__task_pr": 0.131386861205101, "seen__task_rec": 0.7200000286102295, "seen__task_f1": 0.2222222238779068, "seen__method_pr": 0.11881188303232193, "seen__method_rec": 0.7058823704719543, "seen__method_f1": 0.20338982343673706, "seen__material_pr": 0.23000000417232513, "seen__material_rec": 0.7666666507720947, "seen__material_f1": 0.35384616255760193, "seen__otherscientificterm_pr": 0.14551083743572235, "seen__otherscientificterm_rec": 0.6619718074798584, "seen__otherscientificterm_f1": 0.2385786771774292, "seen__metric_pr": 0.27659574151039124, "seen__metric_rec": 0.7647058963775635, "seen__metric_f1": 0.4062500298023224, "seen__generic_pr": 0.7545454502105713, "seen__generic_rec": 0.8691099286079407, "seen__generic_f1": 0.8077859282493591}, "test_metrics_bounds": {"unseen__f1": 0.0, "unseen__pr": 0.0, "unseen__rec": 0.0, "unseen__ner_f1": 0.6824983954429626, "unseen__ner_pr": 0.5929903984069824, "unseen__ner_rec": 0.8038313984870911, "unseen__macro_f1": 0.0, "unseen__macro_pr": 0.0, "unseen__macro_rec": 0.0, "unseen__macro_ner_f1": 0.6824983954429626, "unseen__macro_ner_pr": 0.5929903984069824, "unseen__macro_ner_rec": 0.8038313984870911, "unseen__samples_per_s": 355.5805086619978, "unseen__samples_total_num": 506, "unseen__samples_total_s": 1.423025131225586, "seen__f1": 0.0, "seen__pr": 0.0, "seen__rec": 0.0, "seen__ner_f1": 0.4412607252597809, "seen__ner_pr": 0.2996108829975128, "seen__ner_rec": 0.8369565010070801, "seen__macro_f1": 0.0, "seen__macro_pr": 0.0, "seen__macro_rec": 0.0, "seen__macro_ner_f1": 0.4412607252597809, "seen__macro_ner_pr": 0.2996108829975128, "seen__macro_ner_rec": 0.8369565010070801, "seen__samples_per_s": 472.9355848732006, "seen__samples_total_num": 272, "seen__samples_total_s": 0.5751311779022217}}