{"test_metrics": {"unseen__f1": 0.0, "unseen__pr": 0.0, "unseen__rec": 0.0, "unseen__ner_f1": 0.5825362205505371, "unseen__ner_pr": 0.5397369861602783, "unseen__ner_rec": 0.6327077746391296, "unseen__macro_f1": 0.0, "unseen__macro_pr": 0.0, "unseen__macro_rec": 0.0, "unseen__macro_ner_f1": 0.5493574142456055, "unseen__macro_ner_pr": 0.5240182280540466, "unseen__macro_ner_rec": 0.598531186580658, "unseen__samples_per_s": 362.00111950685823, "unseen__samples_total_num": 519, "unseen__samples_total_s": 1.43369722366333, "unseen__task_pr": 0.5520504713058472, "unseen__task_rec": 0.6809338331222534, "unseen__task_f1": 0.6097560524940491, "unseen__method_pr": 0.727053165435791, "unseen__method_rec": 0.725301206111908, "unseen__method_f1": 0.7261760830879211, "unseen__material_pr": 0.5696202516555786, "unseen__material_rec": 0.6164383292198181, "unseen__material_f1": 0.5921052694320679, "unseen__otherscientificterm_pr": 0.5366300344467163, "unseen__otherscientificterm_rec": 0.5836653113365173, "unseen__otherscientificterm_f1": 0.5591602921485901, "unseen__metric_pr": 0.5517241358757019, "unseen__metric_rec": 0.4848484992980957, "unseen__metric_f1": 0.5161289572715759, "unseen__generic_pr": 0.20703125, "unseen__generic_rec": 0.5, "unseen__generic_f1": 0.2928176820278168, "seen__f1": 0.0, "seen__pr": 0.0, "seen__rec": 0.0, "seen__ner_f1": 0.3529411554336548, "seen__ner_pr": 0.22961729764938354, "seen__ner_rec": 0.7624309659004211, "seen__macro_f1": 0.0, "seen__macro_pr": 0.0, "seen__macro_rec": 0.0, "seen__macro_ner_f1": 0.21013180911540985, "seen__macro_ner_pr": 0.1661445051431656, "seen__macro_ner_rec": 0.5137230753898621, "seen__samples_per_s": 400.5501295537513, "seen__samples_total_num": 159, "seen__samples_total_s": 0.3969540596008301, "seen__task_pr": 0.030612245202064514, "seen__task_rec": 0.6000000238418579, "seen__task_f1": 0.05825243145227432, "seen__method_pr": 0.03418803587555885, "seen__method_rec": 0.4000000059604645, "seen__method_f1": 0.06299213320016861, "seen__material_pr": 0.09090909361839294, "seen__material_rec": 0.4166666567325592, "seen__material_f1": 0.1492537409067154, "seen__otherscientificterm_pr": 0.05844155699014664, "seen__otherscientificterm_rec": 0.6000000238418579, "seen__otherscientificterm_f1": 0.10650887340307236, "seen__metric_pr": 0.06666667014360428, "seen__metric_rec": 0.20000000298023224, "seen__metric_f1": 0.10000000149011612, "seen__generic_pr": 0.7160493731498718, "seen__generic_rec": 0.8656716346740723, "seen__generic_f1": 0.7837837338447571}, "test_metrics_bounds": {"unseen__f1": 0.0, "unseen__pr": 0.0, "unseen__rec": 0.0, "unseen__ner_f1": 0.7208152413368225, "unseen__ner_pr": 0.668384850025177, "unseen__ner_rec": 0.7821716070175171, "unseen__macro_f1": 0.0, "unseen__macro_pr": 0.0, "unseen__macro_rec": 0.0, "unseen__macro_ner_f1": 0.7208152413368225, "unseen__macro_ner_pr": 0.668384850025177, "unseen__macro_ner_rec": 0.7821716070175171, "unseen__samples_per_s": 362.00111950685823, "unseen__samples_total_num": 519, "unseen__samples_total_s": 1.43369722366333, "seen__f1": 0.0, "seen__pr": 0.0, "seen__rec": 0.0, "seen__ner_f1": 0.3897435665130615, "seen__ner_pr": 0.25375625491142273, "seen__ner_rec": 0.8397790193557739, "seen__macro_f1": 0.0, "seen__macro_pr": 0.0, "seen__macro_rec": 0.0, "seen__macro_ner_f1": 0.3897435665130615, "seen__macro_ner_pr": 0.25375625491142273, "seen__macro_ner_rec": 0.8397790193557739, "seen__samples_per_s": 400.5501295537513, "seen__samples_total_num": 159, "seen__samples_total_s": 0.3969540596008301}}