{"test_metrics": {"unseen__f1": 0.0, "unseen__pr": 0.0, "unseen__rec": 0.0, "unseen__ner_f1": 0.5335730314254761, "unseen__ner_pr": 0.4222719073295593, "unseen__ner_rec": 0.7245467305183411, "unseen__macro_f1": 0.0, "unseen__macro_pr": 0.0, "unseen__macro_rec": 0.0, "unseen__macro_ner_f1": 0.5667635798454285, "unseen__macro_ner_pr": 0.5304187536239624, "unseen__macro_ner_rec": 0.6854621767997742, "unseen__samples_per_s": 502.42023022743365, "unseen__samples_total_num": 2308, "unseen__samples_total_s": 4.593764066696167, "unseen__organization_pr": 0.49563318490982056, "unseen__organization_rec": 0.5618811845779419, "unseen__organization_f1": 0.5266821384429932, "unseen__location_pr": 0.307470440864563, "unseen__location_rec": 0.8212634921073914, "unseen__location_f1": 0.44742918014526367, "unseen__person_pr": 0.7881526350975037, "unseen__person_rec": 0.6732418537139893, "unseen__person_f1": 0.7261794805526733, "seen__f1": 0.0, "seen__pr": 0.0, "seen__rec": 0.0, "seen__ner_f1": 0.8313852548599243, "seen__ner_pr": 0.7498234510421753, "seen__ner_rec": 0.9328564405441284, "seen__macro_f1": 0.0, "seen__macro_pr": 0.0, "seen__macro_rec": 0.0, "seen__macro_ner_f1": 0.7141127586364746, "seen__macro_ner_pr": 0.6057974696159363, "seen__macro_ner_rec": 0.894528865814209, "seen__samples_per_s": 563.486271458226, "seen__samples_total_num": 4648, "seen__samples_total_s": 8.248648166656494, "seen__organization_pr": 0.5397111773490906, "seen__organization_rec": 0.8446327447891235, "seen__organization_f1": 0.6585903167724609, "seen__location_pr": 0.816519558429718, "seen__location_rec": 0.9411337375640869, "seen__location_f1": 0.8744091987609863, "seen__person_pr": 0.46116164326667786, "seen__person_rec": 0.8978201746940613, "seen__person_f1": 0.6093388795852661}, "test_metrics_bounds": {"unseen__f1": 0.0, "unseen__pr": 0.0, "unseen__rec": 0.0, "unseen__ner_f1": 0.5690075755119324, "unseen__ner_pr": 0.4503149688243866, "unseen__ner_rec": 0.7726638913154602, "unseen__macro_f1": 0.0, "unseen__macro_pr": 0.0, "unseen__macro_rec": 0.0, "unseen__macro_ner_f1": 0.5690075755119324, "unseen__macro_ner_pr": 0.4503149688243866, "unseen__macro_ner_rec": 0.7726638913154602, "unseen__samples_per_s": 502.42023022743365, "unseen__samples_total_num": 2308, "unseen__samples_total_s": 4.593764066696167, "seen__f1": 0.0, "seen__pr": 0.0, "seen__rec": 0.0, "seen__ner_f1": 0.8359711170196533, "seen__ner_pr": 0.7539594769477844, "seen__ner_rec": 0.9380019903182983, "seen__macro_f1": 0.0, "seen__macro_pr": 0.0, "seen__macro_rec": 0.0, "seen__macro_ner_f1": 0.8359711170196533, "seen__macro_ner_pr": 0.7539594769477844, "seen__macro_ner_rec": 0.9380019903182983, "seen__samples_per_s": 563.486271458226, "seen__samples_total_num": 4648, "seen__samples_total_s": 8.248648166656494}}