{"test_metrics": {"seen__f1": 0.0, "seen__pr": 0.0, "seen__rec": 0.0, "seen__ner_f1": 0.6414445638656616, "seen__ner_pr": 0.48253557085990906, "seen__ner_rec": 0.9564102292060852, "seen__macro_f1": 0.0, "seen__macro_pr": 0.0, "seen__macro_rec": 0.0, "seen__macro_ner_f1": 0.5652445554733276, "seen__macro_ner_pr": 0.4191704988479614, "seen__macro_ner_rec": 0.9204481840133667, "seen__samples_per_s": 265.1046123765342, "seen__samples_total_num": 199, "seen__samples_total_s": 0.7506470680236816, "seen__loc_pr": 0.6072607040405273, "seen__loc_rec": 0.9839572310447693, "seen__loc_f1": 0.7510203719139099, "seen__org_pr": 0.3805970251560211, "seen__org_rec": 0.9272727370262146, "seen__org_f1": 0.5396825671195984, "seen__peop_pr": 0.4819277226924896, "seen__peop_rec": 0.9523809552192688, "seen__peop_f1": 0.6399999856948853, "seen__other_pr": 0.2068965584039688, "seen__other_rec": 0.8181818127632141, "seen__other_f1": 0.33027520775794983, "unseen__f1": 0.0, "unseen__pr": 0.0, "unseen__rec": 0.0, "unseen__ner_f1": 0.6735941171646118, "unseen__ner_pr": 0.5698035359382629, "unseen__ner_rec": 0.8236173391342163, "unseen__macro_f1": 0.0, "unseen__macro_pr": 0.0, "unseen__macro_rec": 0.0, "unseen__macro_ner_f1": 0.6560804843902588, "unseen__macro_ner_pr": 0.5722516775131226, "unseen__macro_ner_rec": 0.7879867553710938, "unseen__samples_per_s": 533.2967200308321, "unseen__samples_total_num": 257, "unseen__samples_total_s": 0.48190808296203613, "unseen__loc_pr": 0.5025906562805176, "unseen__loc_rec": 0.8546255230903625, "unseen__loc_f1": 0.6329526901245117, "unseen__org_pr": 0.5829145908355713, "unseen__org_rec": 0.8285714387893677, "unseen__org_f1": 0.6843658089637756, "unseen__peop_pr": 0.6642857193946838, "unseen__peop_rec": 0.96875, "unseen__peop_f1": 0.7881356477737427, "unseen__other_pr": 0.5392156839370728, "unseen__other_rec": 0.5, "unseen__other_f1": 0.5188679099082947}, "test_metrics_bounds": {"seen__f1": 0.0, "seen__pr": 0.0, "seen__rec": 0.0, "seen__ner_f1": 0.6454389095306396, "seen__ner_pr": 0.48575130105018616, "seen__ner_rec": 0.9615384340286255, "seen__macro_f1": 0.0, "seen__macro_pr": 0.0, "seen__macro_rec": 0.0, "seen__macro_ner_f1": 0.6454389095306396, "seen__macro_ner_pr": 0.48575130105018616, "seen__macro_ner_rec": 0.9615384340286255, "seen__samples_per_s": 265.1046123765342, "seen__samples_total_num": 199, "seen__samples_total_s": 0.7506470680236816, "unseen__f1": 0.0, "unseen__pr": 0.0, "unseen__rec": 0.0, "unseen__ner_f1": 0.6984708905220032, "unseen__ner_pr": 0.5910972952842712, "unseen__ner_rec": 0.853512704372406, "unseen__macro_f1": 0.0, "unseen__macro_pr": 0.0, "unseen__macro_rec": 0.0, "unseen__macro_ner_f1": 0.6984708905220032, "unseen__macro_ner_pr": 0.5910972952842712, "unseen__macro_ner_rec": 0.853512704372406, "unseen__samples_per_s": 533.2967200308321, "unseen__samples_total_num": 257, "unseen__samples_total_s": 0.48190808296203613}}