{"test_metrics": {"unseen__f1": 0.0, "unseen__pr": 0.0, "unseen__rec": 0.0, "unseen__ner_f1": 0.5414540767669678, "unseen__ner_pr": 0.4659714698791504, "unseen__ner_rec": 0.646118700504303, "unseen__macro_f1": 0.0, "unseen__macro_pr": 0.0, "unseen__macro_rec": 0.0, "unseen__macro_ner_f1": 0.49108195304870605, "unseen__macro_ner_pr": 0.44059324264526367, "unseen__macro_ner_rec": 0.5940287113189697, "unseen__samples_per_s": 316.81922676336416, "unseen__samples_total_num": 506, "unseen__samples_total_s": 1.5971252918243408, "unseen__task_pr": 0.5136986374855042, "unseen__task_rec": 0.6355932354927063, "unseen__task_f1": 0.5681818127632141, "unseen__method_pr": 0.7019230723381042, "unseen__method_rec": 0.7373737096786499, "unseen__method_f1": 0.7192118167877197, "unseen__material_pr": 0.4488636255264282, "unseen__material_rec": 0.6171875, "unseen__material_f1": 0.5197368860244751, "unseen__otherscientificterm_pr": 0.47758620977401733, "unseen__otherscientificterm_rec": 0.6183035969734192, "unseen__otherscientificterm_f1": 0.5389105081558228, "unseen__metric_pr": 0.4285714328289032, "unseen__metric_rec": 0.5357142686843872, "unseen__metric_f1": 0.476190447807312, "unseen__generic_pr": 0.0729166641831398, "unseen__generic_rec": 0.41999998688697815, "unseen__generic_f1": 0.12426035851240158, "seen__f1": 0.0, "seen__pr": 0.0, "seen__rec": 0.0, "seen__ner_f1": 0.4223954975605011, "seen__ner_pr": 0.2832699716091156, "seen__ner_rec": 0.8300835490226746, "seen__macro_f1": 0.0, "seen__macro_pr": 0.0, "seen__macro_rec": 0.0, "seen__macro_ner_f1": 0.3655669689178467, "seen__macro_ner_pr": 0.26742684841156006, "seen__macro_ner_rec": 0.7732380032539368, "seen__samples_per_s": 422.9598347249333, "seen__samples_total_num": 269, "seen__samples_total_s": 0.6359941959381104, "seen__task_pr": 0.1225806474685669, "seen__task_rec": 0.7307692170143127, "seen__task_f1": 0.20994475483894348, "seen__method_pr": 0.10999999940395355, "seen__method_rec": 0.7586206793785095, "seen__method_f1": 0.19213972985744476, "seen__material_pr": 0.21153846383094788, "seen__material_rec": 0.7333333492279053, "seen__material_f1": 0.3283582329750061, "seen__otherscientificterm_pr": 0.15286624431610107, "seen__otherscientificterm_rec": 0.695652186870575, "seen__otherscientificterm_f1": 0.2506527304649353, "seen__metric_pr": 0.25, "seen__metric_rec": 0.800000011920929, "seen__metric_f1": 0.3809524178504944, "seen__generic_pr": 0.7575757503509521, "seen__generic_rec": 0.9210526347160339, "seen__generic_f1": 0.8313539028167725}, "test_metrics_bounds": {"unseen__f1": 0.0, "unseen__pr": 0.0, "unseen__rec": 0.0, "unseen__ner_f1": 0.6902711391448975, "unseen__ner_pr": 0.5941790342330933, "unseen__ner_rec": 0.82343989610672, "unseen__macro_f1": 0.0, "unseen__macro_pr": 0.0, "unseen__macro_rec": 0.0, "unseen__macro_ner_f1": 0.6902711391448975, "unseen__macro_ner_pr": 0.5941790342330933, "unseen__macro_ner_rec": 0.82343989610672, "unseen__samples_per_s": 316.81922676336416, "unseen__samples_total_num": 506, "unseen__samples_total_s": 1.5971252918243408, "seen__f1": 0.0, "seen__pr": 0.0, "seen__rec": 0.0, "seen__ner_f1": 0.44932669401168823, "seen__ner_pr": 0.3013308048248291, "seen__ner_rec": 0.8830083608627319, "seen__macro_f1": 0.0, "seen__macro_pr": 0.0, "seen__macro_rec": 0.0, "seen__macro_ner_f1": 0.44932669401168823, "seen__macro_ner_pr": 0.3013308048248291, "seen__macro_ner_rec": 0.8830083608627319, "seen__samples_per_s": 422.9598347249333, "seen__samples_total_num": 269, "seen__samples_total_s": 0.6359941959381104}}