{"test_metrics": {"seen__f1": 0.0, "seen__pr": 0.0, "seen__rec": 0.0, "seen__ner_f1": 0.8077091574668884, "seen__ner_pr": 0.7138870358467102, "seen__ner_rec": 0.9299235343933105, "seen__macro_f1": 0.0, "seen__macro_pr": 0.0, "seen__macro_rec": 0.0, "seen__macro_ner_f1": 0.6735761165618896, "seen__macro_ner_pr": 0.5647353529930115, "seen__macro_ner_rec": 0.8886704444885254, "seen__samples_per_s": 508.0995455560827, "seen__samples_total_num": 4628, "seen__samples_total_s": 9.10845136642456, "seen__organization_pr": 0.5270018577575684, "seen__organization_rec": 0.799435019493103, "seen__organization_f1": 0.6352413296699524, "seen__location_pr": 0.8086728453636169, "seen__location_rec": 0.9366044402122498, "seen__location_f1": 0.8679498434066772, "seen__person_pr": 0.35853132605552673, "seen__person_rec": 0.9299719929695129, "seen__person_f1": 0.5175370573997498, "unseen__f1": 0.0, "unseen__pr": 0.0, "unseen__rec": 0.0, "unseen__ner_f1": 0.5419837236404419, "unseen__ner_pr": 0.42125678062438965, "unseen__ner_rec": 0.7597061991691589, "unseen__macro_f1": 0.0, "unseen__macro_pr": 0.0, "unseen__macro_rec": 0.0, "unseen__macro_ner_f1": 0.5667285919189453, "unseen__macro_ner_pr": 0.5028578639030457, "unseen__macro_ner_rec": 0.7129416465759277, "unseen__samples_per_s": 501.0927756835457, "unseen__samples_total_num": 2288, "unseen__samples_total_s": 4.566020727157593, "unseen__organization_pr": 0.4912280738353729, "unseen__organization_rec": 0.5544554591178894, "unseen__organization_f1": 0.5209302306175232, "unseen__location_pr": 0.3061283826828003, "unseen__location_rec": 0.8305752277374268, "unseen__location_f1": 0.44736844301223755, "unseen__person_pr": 0.7112171649932861, "unseen__person_rec": 0.753794252872467, "unseen__person_f1": 0.7318870425224304}, "test_metrics_bounds": {"seen__f1": 0.0, "seen__pr": 0.0, "seen__rec": 0.0, "seen__ner_f1": 0.8130444884300232, "seen__ner_pr": 0.7186026573181152, "seen__ner_rec": 0.936066210269928, "seen__macro_f1": 0.0, "seen__macro_pr": 0.0, "seen__macro_rec": 0.0, "seen__macro_ner_f1": 0.8130444884300232, "seen__macro_ner_pr": 0.7186026573181152, "seen__macro_ner_rec": 0.936066210269928, "seen__samples_per_s": 508.0995455560827, "seen__samples_total_num": 4628, "seen__samples_total_s": 9.10845136642456, "unseen__f1": 0.0, "unseen__pr": 0.0, "unseen__rec": 0.0, "unseen__ner_f1": 0.577167809009552, "unseen__ner_pr": 0.4486035704612732, "unseen__ner_rec": 0.8090241551399231, "unseen__macro_f1": 0.0, "unseen__macro_pr": 0.0, "unseen__macro_rec": 0.0, "unseen__macro_ner_f1": 0.577167809009552, "unseen__macro_ner_pr": 0.4486035704612732, "unseen__macro_ner_rec": 0.8090241551399231, "unseen__samples_per_s": 501.0927756835457, "unseen__samples_total_num": 2288, "unseen__samples_total_s": 4.566020727157593}}