{"test_metrics": {"unseen__f1": 0.0, "unseen__pr": 0.0, "unseen__rec": 0.0, "unseen__ner_f1": 0.5435339212417603, "unseen__ner_pr": 0.4714047610759735, "unseen__ner_rec": 0.6417233347892761, "unseen__macro_f1": 0.0, "unseen__macro_pr": 0.0, "unseen__macro_rec": 0.0, "unseen__macro_ner_f1": 0.4961429536342621, "unseen__macro_ner_pr": 0.4434434473514557, "unseen__macro_ner_rec": 0.601658821105957, "unseen__samples_per_s": 272.4765628629467, "unseen__samples_total_num": 509, "unseen__samples_total_s": 1.8680505752563477, "unseen__task_pr": 0.5097402334213257, "unseen__task_rec": 0.6652542352676392, "unseen__task_f1": 0.5772058963775635, "unseen__method_pr": 0.6921119689941406, "unseen__method_rec": 0.6886075735092163, "unseen__method_f1": 0.6903553605079651, "unseen__material_pr": 0.46195653080940247, "unseen__material_rec": 0.6589147448539734, "unseen__material_f1": 0.5431309938430786, "unseen__otherscientificterm_pr": 0.50266432762146, "unseen__otherscientificterm_rec": 0.6192560195922852, "unseen__otherscientificterm_f1": 0.5549019575119019, "unseen__metric_pr": 0.4189189076423645, "unseen__metric_rec": 0.5740740895271301, "unseen__metric_f1": 0.484375, "unseen__generic_pr": 0.07526881992816925, "unseen__generic_rec": 0.4038461446762085, "unseen__generic_f1": 0.1268882155418396, "seen__f1": 0.0, "seen__pr": 0.0, "seen__rec": 0.0, "seen__ner_f1": 0.4199855327606201, "seen__ner_pr": 0.2812803089618683, "seen__ner_rec": 0.8285714387893677, "seen__macro_f1": 0.0, "seen__macro_pr": 0.0, "seen__macro_rec": 0.0, "seen__macro_ner_f1": 0.3773622214794159, "seen__macro_ner_pr": 0.2756480872631073, "seen__macro_ner_rec": 0.7950910925865173, "seen__samples_per_s": 368.23482326832067, "seen__samples_total_num": 266, "seen__samples_total_s": 0.722365140914917, "seen__task_pr": 0.1325301229953766, "seen__task_rec": 0.8461538553237915, "seen__task_f1": 0.2291666716337204, "seen__method_pr": 0.11299435049295425, "seen__method_rec": 0.6666666865348816, "seen__method_f1": 0.19323672354221344, "seen__material_pr": 0.22549019753932953, "seen__material_rec": 0.7931034564971924, "seen__material_f1": 0.35114505887031555, "seen__otherscientificterm_pr": 0.13225805759429932, "seen__otherscientificterm_rec": 0.6833333373069763, "seen__otherscientificterm_f1": 0.22162161767482758, "seen__metric_pr": 0.30612245202064514, "seen__metric_rec": 0.8823529481887817, "seen__metric_f1": 0.4545454680919647, "seen__generic_pr": 0.7444933652877808, "seen__generic_rec": 0.8989361524581909, "seen__generic_f1": 0.8144577741622925}, "test_metrics_bounds": {"unseen__f1": 0.0, "unseen__pr": 0.0, "unseen__rec": 0.0, "unseen__ner_f1": 0.689721405506134, "unseen__ner_pr": 0.5983333587646484, "unseen__ner_rec": 0.8140589594841003, "unseen__macro_f1": 0.0, "unseen__macro_pr": 0.0, "unseen__macro_rec": 0.0, "unseen__macro_ner_f1": 0.689721405506134, "unseen__macro_ner_pr": 0.5983333587646484, "unseen__macro_ner_rec": 0.8140589594841003, "unseen__samples_per_s": 272.4765628629467, "unseen__samples_total_num": 509, "unseen__samples_total_s": 1.8680505752563477, "seen__f1": 0.0, "seen__pr": 0.0, "seen__rec": 0.0, "seen__ner_f1": 0.44492754340171814, "seen__ner_pr": 0.29805824160575867, "seen__ner_rec": 0.8771428465843201, "seen__macro_f1": 0.0, "seen__macro_pr": 0.0, "seen__macro_rec": 0.0, "seen__macro_ner_f1": 0.44492754340171814, "seen__macro_ner_pr": 0.29805824160575867, "seen__macro_ner_rec": 0.8771428465843201, "seen__samples_per_s": 368.23482326832067, "seen__samples_total_num": 266, "seen__samples_total_s": 0.722365140914917}}