{"test_metrics": {"seen__f1": 0.0, "seen__pr": 0.0, "seen__rec": 0.0, "seen__ner_f1": 0.7952191829681396, "seen__ner_pr": 0.6906151175498962, "seen__ner_rec": 0.9371673464775085, "seen__macro_f1": 0.0, "seen__macro_pr": 0.0, "seen__macro_rec": 0.0, "seen__macro_ner_f1": 0.6440832614898682, "seen__macro_ner_pr": 0.5239318609237671, "seen__macro_ner_rec": 0.8836998343467712, "seen__samples_per_s": 542.6741653190626, "seen__samples_total_num": 4562, "seen__samples_total_s": 8.406517744064331, "seen__organization_pr": 0.4216417968273163, "seen__organization_rec": 0.7713310718536377, "seen__organization_f1": 0.5452352166175842, "seen__location_pr": 0.7747923731803894, "seen__location_rec": 0.9446098804473877, "seen__location_f1": 0.8513150811195374, "seen__person_pr": 0.37536147236824036, "seen__person_rec": 0.9351584911346436, "seen__person_f1": 0.5356995463371277, "unseen__f1": 0.0, "unseen__pr": 0.0, "unseen__rec": 0.0, "unseen__ner_f1": 0.5614354014396667, "unseen__ner_pr": 0.43574827909469604, "unseen__ner_rec": 0.7890201210975647, "unseen__macro_f1": 0.0, "unseen__macro_pr": 0.0, "unseen__macro_rec": 0.0, "unseen__macro_ner_f1": 0.5966858863830566, "unseen__macro_ner_pr": 0.5309803485870361, "unseen__macro_ner_rec": 0.7473185658454895, "unseen__samples_per_s": 577.5663272274783, "unseen__samples_total_num": 2466, "unseen__samples_total_s": 4.269639492034912, "unseen__organization_pr": 0.5315985083580017, "unseen__organization_rec": 0.6150537729263306, "unseen__organization_f1": 0.570289134979248, "unseen__location_pr": 0.3281169831752777, "unseen__location_rec": 0.8748289942741394, "unseen__location_f1": 0.47723883390426636, "unseen__person_pr": 0.7332255244255066, "unseen__person_rec": 0.7520729899406433, "unseen__person_f1": 0.7425296902656555}, "test_metrics_bounds": {"seen__f1": 0.0, "seen__pr": 0.0, "seen__rec": 0.0, "seen__ner_f1": 0.7988543510437012, "seen__ner_pr": 0.6937721371650696, "seen__ner_rec": 0.941451370716095, "seen__macro_f1": 0.0, "seen__macro_pr": 0.0, "seen__macro_rec": 0.0, "seen__macro_ner_f1": 0.7988543510437012, "seen__macro_ner_pr": 0.6937721371650696, "seen__macro_ner_rec": 0.941451370716095, "seen__samples_per_s": 542.6741653190626, "seen__samples_total_num": 4562, "seen__samples_total_s": 8.406517744064331, "unseen__f1": 0.0, "unseen__pr": 0.0, "unseen__rec": 0.0, "unseen__ner_f1": 0.5966386795043945, "unseen__ner_pr": 0.46307069063186646, "unseen__ner_rec": 0.8384934663772583, "unseen__macro_f1": 0.0, "unseen__macro_pr": 0.0, "unseen__macro_rec": 0.0, "unseen__macro_ner_f1": 0.5966386795043945, "unseen__macro_ner_pr": 0.46307069063186646, "unseen__macro_ner_rec": 0.8384934663772583, "unseen__samples_per_s": 577.5663272274783, "unseen__samples_total_num": 2466, "unseen__samples_total_s": 4.269639492034912}}