{"test_metrics": {"unseen__f1": 0.0, "unseen__pr": 0.0, "unseen__rec": 0.0, "unseen__ner_f1": 0.763316810131073, "unseen__ner_pr": 0.6793743968009949, "unseen__ner_rec": 0.8709273338317871, "unseen__macro_f1": 0.0, "unseen__macro_pr": 0.0, "unseen__macro_rec": 0.0, "unseen__macro_ner_f1": 0.7393243908882141, "unseen__macro_ner_pr": 0.6687877178192139, "unseen__macro_ner_rec": 0.8345901966094971, "unseen__samples_per_s": 316.1377987598757, "unseen__samples_total_num": 271, "unseen__samples_total_s": 0.8572211265563965, "unseen__loc_pr": 0.6699507236480713, "unseen__loc_rec": 0.9158248901367188, "unseen__loc_f1": 0.7738264799118042, "unseen__org_pr": 0.6267281174659729, "unseen__org_rec": 0.8662420511245728, "unseen__org_f1": 0.7272726893424988, "unseen__peop_pr": 0.7534722089767456, "unseen__peop_rec": 0.9475982785224915, "unseen__peop_f1": 0.8394584059715271, "unseen__other_pr": 0.625, "unseen__other_rec": 0.6086956262588501, "unseen__other_f1": 0.6167400479316711, "seen__f1": 0.0, "seen__pr": 0.0, "seen__rec": 0.0, "seen__ner_f1": 0.5600000023841858, "seen__ner_pr": 0.39902278780937195, "seen__ner_rec": 0.938697338104248, "seen__macro_f1": 0.0, "seen__macro_pr": 0.0, "seen__macro_rec": 0.0, "seen__macro_ner_f1": 0.5011236667633057, "seen__macro_ner_pr": 0.3526817560195923, "seen__macro_ner_rec": 0.8882952332496643, "seen__samples_per_s": 498.1469360670799, "seen__samples_total_num": 155, "seen__samples_total_s": 0.3111531734466553, "seen__loc_pr": 0.4663865566253662, "seen__loc_rec": 0.9487179517745972, "seen__loc_f1": 0.625352144241333, "seen__org_pr": 0.3333333432674408, "seen__org_rec": 0.9210526347160339, "seen__org_f1": 0.48951053619384766, "seen__peop_pr": 0.41428571939468384, "seen__peop_rec": 0.9775280952453613, "seen__peop_f1": 0.5819398164749146, "seen__other_pr": 0.19672131538391113, "seen__other_rec": 0.7058823704719543, "seen__other_f1": 0.307692289352417}, "test_metrics_bounds": {"unseen__f1": 0.0, "unseen__pr": 0.0, "unseen__rec": 0.0, "unseen__ner_f1": 0.7762507200241089, "unseen__ner_pr": 0.691478967666626, "unseen__ner_rec": 0.8847118020057678, "unseen__macro_f1": 0.0, "unseen__macro_pr": 0.0, "unseen__macro_rec": 0.0, "unseen__macro_ner_f1": 0.7762507200241089, "unseen__macro_ner_pr": 0.691478967666626, "unseen__macro_ner_rec": 0.8847118020057678, "unseen__samples_per_s": 316.1377987598757, "unseen__samples_total_num": 271, "unseen__samples_total_s": 0.8572211265563965, "seen__f1": 0.0, "seen__pr": 0.0, "seen__rec": 0.0, "seen__ner_f1": 0.5675057172775269, "seen__ner_pr": 0.404567688703537, "seen__ner_rec": 0.9501915574073792, "seen__macro_f1": 0.0, "seen__macro_pr": 0.0, "seen__macro_rec": 0.0, "seen__macro_ner_f1": 0.5675057172775269, "seen__macro_ner_pr": 0.404567688703537, "seen__macro_ner_rec": 0.9501915574073792, "seen__samples_per_s": 498.1469360670799, "seen__samples_total_num": 155, "seen__samples_total_s": 0.3111531734466553}}