{"test_metrics": {"seen__f1": 0.0, "seen__pr": 0.0, "seen__rec": 0.0, "seen__ner_f1": 0.5186640024185181, "seen__ner_pr": 0.36164382100105286, "seen__ner_rec": 0.9166666865348816, "seen__macro_f1": 0.0, "seen__macro_pr": 0.0, "seen__macro_rec": 0.0, "seen__macro_ner_f1": 0.432254821062088, "seen__macro_ner_pr": 0.300962895154953, "seen__macro_ner_rec": 0.8723541498184204, "seen__samples_per_s": 189.64779623608737, "seen__samples_total_num": 96, "seen__samples_total_s": 0.5062015056610107, "seen__loc_pr": 0.5149253606796265, "seen__loc_rec": 0.9078947305679321, "seen__loc_f1": 0.6571428775787354, "seen__org_pr": 0.20588235557079315, "seen__org_rec": 1.0, "seen__org_f1": 0.3414634168148041, "seen__peop_pr": 0.35483869910240173, "seen__peop_rec": 0.95652174949646, "seen__peop_f1": 0.5176470279693604, "seen__other_pr": 0.12820513546466827, "seen__other_rec": 0.625, "seen__other_f1": 0.21276596188545227, "unseen__f1": 0.0, "unseen__pr": 0.0, "unseen__rec": 0.0, "unseen__ner_f1": 0.7869700193405151, "unseen__ner_pr": 0.7468106150627136, "unseen__ner_rec": 0.8316940069198608, "unseen__macro_f1": 0.0, "unseen__macro_pr": 0.0, "unseen__macro_rec": 0.0, "unseen__macro_ner_f1": 0.7587609887123108, "unseen__macro_ner_pr": 0.727171778678894, "unseen__macro_ner_rec": 0.796584963798523, "unseen__samples_per_s": 558.0317303137157, "unseen__samples_total_num": 280, "unseen__samples_total_s": 0.5017635822296143, "unseen__loc_pr": 0.7435232996940613, "unseen__loc_rec": 0.8491124510765076, "unseen__loc_f1": 0.7928177118301392, "unseen__org_pr": 0.6886792182922363, "unseen__org_rec": 0.8066298365592957, "unseen__org_f1": 0.7430025339126587, "unseen__peop_pr": 0.8273615837097168, "unseen__peop_rec": 0.9338235259056091, "unseen__peop_f1": 0.8773747682571411, "unseen__other_pr": 0.6491228342056274, "unseen__other_rec": 0.5967742204666138, "unseen__other_f1": 0.6218487620353699}, "test_metrics_bounds": {"seen__f1": 0.0, "seen__pr": 0.0, "seen__rec": 0.0, "seen__ner_f1": 0.5236220359802246, "seen__ner_pr": 0.36538460850715637, "seen__ner_rec": 0.9236111044883728, "seen__macro_f1": 0.0, "seen__macro_pr": 0.0, "seen__macro_rec": 0.0, "seen__macro_ner_f1": 0.5236220359802246, "seen__macro_ner_pr": 0.36538460850715637, "seen__macro_ner_rec": 0.9236111044883728, "seen__samples_per_s": 189.64779623608737, "seen__samples_total_num": 96, "seen__samples_total_s": 0.5062015056610107, "unseen__f1": 0.0, "unseen__pr": 0.0, "unseen__rec": 0.0, "unseen__ner_f1": 0.8173823356628418, "unseen__ner_pr": 0.7760314345359802, "unseen__ner_rec": 0.8633880019187927, "unseen__macro_f1": 0.0, "unseen__macro_pr": 0.0, "unseen__macro_rec": 0.0, "unseen__macro_ner_f1": 0.8173823356628418, "unseen__macro_ner_pr": 0.7760314345359802, "unseen__macro_ner_rec": 0.8633880019187927, "unseen__samples_per_s": 558.0317303137157, "unseen__samples_total_num": 280, "unseen__samples_total_s": 0.5017635822296143}}