{"test_metrics": {"seen__f1": 0.0, "seen__pr": 0.0, "seen__rec": 0.0, "seen__ner_f1": 0.0, "seen__ner_pr": 0.0, "seen__ner_rec": 0.0, "seen__macro_f1": 0.0, "seen__macro_pr": 0.0, "seen__macro_rec": 0.0, "seen__macro_ner_f1": 0.0, "seen__macro_ner_pr": 0.0, "seen__macro_ner_rec": 0.0, "seen__samples_per_s": 0.0, "seen__samples_total_num": 0, "seen__samples_total_s": 0.0, "seen__task_pr": 0.0, "seen__task_rec": 0.0, "seen__task_f1": 0.0, "seen__method_pr": 0.0, "seen__method_rec": 0.0, "seen__method_f1": 0.0, "seen__material_pr": 0.0, "seen__material_rec": 0.0, "seen__material_f1": 0.0, "seen__otherscientificterm_pr": 0.0, "seen__otherscientificterm_rec": 0.0, "seen__otherscientificterm_f1": 0.0, "seen__metric_pr": 0.0, "seen__metric_rec": 0.0, "seen__metric_f1": 0.0, "seen__generic_pr": 0.0, "seen__generic_rec": 0.0, "seen__generic_f1": 0.0, "unseen__f1": 0.0, "unseen__pr": 0.0, "unseen__rec": 0.0, "unseen__ner_f1": 0.5842900276184082, "unseen__ner_pr": 0.590714693069458, "unseen__ner_rec": 0.5780035853385925, "unseen__macro_f1": 0.0, "unseen__macro_pr": 0.0, "unseen__macro_rec": 0.0, "unseen__macro_ner_f1": 0.5584786534309387, "unseen__macro_ner_pr": 0.5754140019416809, "unseen__macro_ner_rec": 0.549866259098053, "unseen__samples_per_s": 460.205379589766, "unseen__samples_total_num": 529, "unseen__samples_total_s": 1.149486780166626, "unseen__task_pr": 0.5857142806053162, "unseen__task_rec": 0.6259542107582092, "unseen__task_f1": 0.6051660180091858, "unseen__method_pr": 0.7022727131843567, "unseen__method_rec": 0.7270588278770447, "unseen__method_f1": 0.7144508957862854, "unseen__material_pr": 0.5536723136901855, "unseen__material_rec": 0.6202531456947327, "unseen__material_f1": 0.5850746631622314, "unseen__otherscientificterm_pr": 0.5299806594848633, "unseen__otherscientificterm_rec": 0.5299806594848633, "unseen__otherscientificterm_f1": 0.5299806594848633, "unseen__metric_pr": 0.5272727012634277, "unseen__metric_rec": 0.4084506928920746, "unseen__metric_f1": 0.4603174328804016, "unseen__generic_pr": 0.5535714030265808, "unseen__generic_rec": 0.38749998807907104, "unseen__generic_f1": 0.45588231086730957}, "test_metrics_bounds": {"seen__f1": 0.0, "seen__pr": 0.0, "seen__rec": 0.0, "seen__ner_f1": 0.0, "seen__ner_pr": 0.0, "seen__ner_rec": 0.0, "seen__macro_f1": 0.0, "seen__macro_pr": 0.0, "seen__macro_rec": 0.0, "seen__macro_ner_f1": 0.0, "seen__macro_ner_pr": 0.0, "seen__macro_ner_rec": 0.0, "seen__samples_per_s": 0.0, "seen__samples_total_num": 0, "seen__samples_total_s": 0.0, "unseen__f1": 0.0, "unseen__pr": 0.0, "unseen__rec": 0.0, "unseen__ner_f1": 0.7335347533226013, "unseen__ner_pr": 0.741600513458252, "unseen__ner_rec": 0.7256425619125366, "unseen__macro_f1": 0.0, "unseen__macro_pr": 0.0, "unseen__macro_rec": 0.0, "unseen__macro_ner_f1": 0.7335347533226013, "unseen__macro_ner_pr": 0.741600513458252, "unseen__macro_ner_rec": 0.7256425619125366, "unseen__samples_per_s": 460.205379589766, "unseen__samples_total_num": 529, "unseen__samples_total_s": 1.149486780166626}}