{"test_metrics": {"seen__f1": 0.0, "seen__pr": 0.0, "seen__rec": 0.0, "seen__ner_f1": 0.6001652479171753, "seen__ner_pr": 0.45295795798301697, "seen__ner_rec": 0.8891220688819885, "seen__macro_f1": 0.0, "seen__macro_pr": 0.0, "seen__macro_rec": 0.0, "seen__macro_ner_f1": 0.5598657131195068, "seen__macro_ner_pr": 0.4201743006706238, "seen__macro_ner_rec": 0.8737470507621765, "seen__samples_per_s": 470.9778312914425, "seen__samples_total_num": 1854, "seen__samples_total_s": 3.936491012573242, "seen__dna_pr": 0.3078635036945343, "seen__dna_rec": 0.8521560430526733, "seen__dna_f1": 0.4523161053657532, "seen__rna_pr": 0.3469387888908386, "seen__rna_rec": 0.9189189076423645, "seen__rna_f1": 0.5037037134170532, "seen__cell_type_pr": 0.5580286383628845, "seen__cell_type_rec": 0.8032036423683167, "seen__cell_type_f1": 0.6585365533828735, "seen__protein_pr": 0.5063613057136536, "seen__protein_rec": 0.922363817691803, "seen__protein_f1": 0.6537987589836121, "seen__cell_line_pr": 0.38167938590049744, "seen__cell_line_rec": 0.8720930218696594, "seen__cell_line_f1": 0.530973494052887, "unseen__f1": 0.0, "unseen__pr": 0.0, "unseen__rec": 0.0, "unseen__ner_f1": 0.4345536530017853, "unseen__ner_pr": 0.3088025748729706, "unseen__ner_rec": 0.7330795526504517, "unseen__macro_f1": 0.0, "unseen__macro_pr": 0.0, "unseen__macro_rec": 0.0, "unseen__macro_ner_f1": 0.4737513065338135, "unseen__macro_ner_pr": 0.36713922023773193, "unseen__macro_ner_rec": 0.7246655225753784, "unseen__samples_per_s": 527.2880886266935, "unseen__samples_total_num": 1854, "unseen__samples_total_s": 3.5161044597625732, "unseen__dna_pr": 0.4221068322658539, "unseen__dna_rec": 0.7606951594352722, "unseen__dna_f1": 0.5429389476776123, "unseen__rna_pr": 0.5612244606018066, "unseen__rna_rec": 0.8208954930305481, "unseen__rna_f1": 0.6666666269302368, "unseen__cell_type_pr": 0.1653418093919754, "unseen__cell_type_rec": 0.6797385811805725, "unseen__cell_type_f1": 0.2659846544265747, "unseen__protein_pr": 0.2671755850315094, "unseen__protein_rec": 0.7440212368965149, "unseen__protein_f1": 0.3931663930416107, "unseen__cell_line_pr": 0.4198473393917084, "unseen__cell_line_rec": 0.617977499961853, "unseen__cell_line_f1": 0.5}, "test_metrics_bounds": {"seen__f1": 0.0, "seen__pr": 0.0, "seen__rec": 0.0, "seen__ner_f1": 0.6077713370323181, "seen__ner_pr": 0.4588088393211365, "seen__ner_rec": 0.8999650478363037, "seen__macro_f1": 0.0, "seen__macro_pr": 0.0, "seen__macro_rec": 0.0, "seen__macro_ner_f1": 0.6077713370323181, "seen__macro_ner_pr": 0.4588088393211365, "seen__macro_ner_rec": 0.8999650478363037, "seen__samples_per_s": 470.9778312914425, "seen__samples_total_num": 1854, "seen__samples_total_s": 3.936491012573242, "unseen__f1": 0.0, "unseen__pr": 0.0, "unseen__rec": 0.0, "unseen__ner_f1": 0.4756648540496826, "unseen__ner_pr": 0.3380884528160095, "unseen__ner_rec": 0.8020304441452026, "unseen__macro_f1": 0.0, "unseen__macro_pr": 0.0, "unseen__macro_rec": 0.0, "unseen__macro_ner_f1": 0.4756648540496826, "unseen__macro_ner_pr": 0.3380884528160095, "unseen__macro_ner_rec": 0.8020304441452026, "unseen__samples_per_s": 527.2880886266935, "unseen__samples_total_num": 1854, "unseen__samples_total_s": 3.5161044597625732}}