{"test_metrics": {"unseen__f1": 0.0, "unseen__pr": 0.0, "unseen__rec": 0.0, "unseen__ner_f1": 0.6720505952835083, "unseen__ner_pr": 0.7361538410186768, "unseen__ner_rec": 0.6182170510292053, "unseen__macro_f1": 0.0, "unseen__macro_pr": 0.0, "unseen__macro_rec": 0.0, "unseen__macro_ner_f1": 0.622999370098114, "unseen__macro_ner_pr": 0.6298544406890869, "unseen__macro_ner_rec": 0.6561729311943054, "unseen__samples_per_s": 713.6919378224377, "unseen__samples_total_num": 5000, "unseen__samples_total_s": 7.005823850631714, "unseen__organization_pr": 0.39373087882995605, "unseen__organization_rec": 0.6794195175170898, "unseen__organization_f1": 0.49854791164398193, "unseen__location_pr": 0.842862069606781, "unseen__location_rec": 0.5948887467384338, "unseen__location_f1": 0.6974910497665405, "unseen__person_pr": 0.6529703140258789, "unseen__person_rec": 0.6942105293273926, "unseen__person_f1": 0.6729592084884644, "seen__f1": 0.0, "seen__pr": 0.0, "seen__rec": 0.0, "seen__ner_f1": 0.0, "seen__ner_pr": 0.0, "seen__ner_rec": 0.0, "seen__macro_f1": 0.0, "seen__macro_pr": 0.0, "seen__macro_rec": 0.0, "seen__macro_ner_f1": 0.0, "seen__macro_ner_pr": 0.0, "seen__macro_ner_rec": 0.0, "seen__samples_per_s": 0.0, "seen__samples_total_num": 0, "seen__samples_total_s": 0.0, "seen__organization_pr": 0.0, "seen__organization_rec": 0.0, "seen__organization_f1": 0.0, "seen__location_pr": 0.0, "seen__location_rec": 0.0, "seen__location_f1": 0.0, "seen__person_pr": 0.0, "seen__person_rec": 0.0, "seen__person_f1": 0.0}, "test_metrics_bounds": {"unseen__f1": 0.0, "unseen__pr": 0.0, "unseen__rec": 0.0, "unseen__ner_f1": 0.7074639201164246, "unseen__ner_pr": 0.774945080280304, "unseen__ner_rec": 0.6507936716079712, "unseen__macro_f1": 0.0, "unseen__macro_pr": 0.0, "unseen__macro_rec": 0.0, "unseen__macro_ner_f1": 0.7074639201164246, "unseen__macro_ner_pr": 0.774945080280304, "unseen__macro_ner_rec": 0.6507936716079712, "unseen__samples_per_s": 713.6919378224377, "unseen__samples_total_num": 5000, "unseen__samples_total_s": 7.005823850631714, "seen__f1": 0.0, "seen__pr": 0.0, "seen__rec": 0.0, "seen__ner_f1": 0.0, "seen__ner_pr": 0.0, "seen__ner_rec": 0.0, "seen__macro_f1": 0.0, "seen__macro_pr": 0.0, "seen__macro_rec": 0.0, "seen__macro_ner_f1": 0.0, "seen__macro_ner_pr": 0.0, "seen__macro_ner_rec": 0.0, "seen__samples_per_s": 0.0, "seen__samples_total_num": 0, "seen__samples_total_s": 0.0}}