{"test_metrics": {"unseen__f1": 0.0, "unseen__pr": 0.0, "unseen__rec": 0.0, "unseen__ner_f1": 0.61673504114151, "unseen__ner_pr": 0.4993358254432678, "unseen__ner_rec": 0.8063063025474548, "unseen__macro_f1": 0.0, "unseen__macro_pr": 0.0, "unseen__macro_rec": 0.0, "unseen__macro_ner_f1": 0.6430959105491638, "unseen__macro_ner_pr": 0.5915301442146301, "unseen__macro_ner_rec": 0.7500494122505188, "unseen__samples_per_s": 472.8043664716812, "unseen__samples_total_num": 3274, "unseen__samples_total_s": 6.924639940261841, "unseen__organization_pr": 0.6009615659713745, "unseen__organization_rec": 0.631313145160675, "unseen__organization_f1": 0.6157635450363159, "unseen__location_pr": 0.4229227304458618, "unseen__location_rec": 0.8882510662078857, "unseen__location_f1": 0.5730156302452087, "unseen__person_pr": 0.7507061958312988, "unseen__person_rec": 0.7305842041969299, "unseen__person_f1": 0.7405085563659668, "seen__f1": 0.0, "seen__pr": 0.0, "seen__rec": 0.0, "seen__ner_f1": 0.7323125004768372, "seen__ner_pr": 0.6091583371162415, "seen__ner_rec": 0.917881429195404, "seen__macro_f1": 0.0, "seen__macro_pr": 0.0, "seen__macro_rec": 0.0, "seen__macro_ner_f1": 0.5535528659820557, "seen__macro_ner_pr": 0.42582687735557556, "seen__macro_ner_rec": 0.8679144978523254, "seen__samples_per_s": 484.69732844618306, "seen__samples_total_num": 4004, "seen__samples_total_s": 8.260825395584106, "seen__organization_pr": 0.30985915660858154, "seen__organization_rec": 0.8048780560493469, "seen__organization_f1": 0.44745761156082153, "seen__location_pr": 0.6869576573371887, "seen__location_rec": 0.9247080087661743, "seen__location_f1": 0.7882965207099915, "seen__person_pr": 0.28066378831863403, "seen__person_rec": 0.8741573095321655, "seen__person_f1": 0.42490440607070923}, "test_metrics_bounds": {"unseen__f1": 0.0, "unseen__pr": 0.0, "unseen__rec": 0.0, "unseen__ner_f1": 0.6456111669540405, "unseen__ner_pr": 0.5227152109146118, "unseen__ner_rec": 0.8440583348274231, "unseen__macro_f1": 0.0, "unseen__macro_pr": 0.0, "unseen__macro_rec": 0.0, "unseen__macro_ner_f1": 0.6456111669540405, "unseen__macro_ner_pr": 0.5227152109146118, "unseen__macro_ner_rec": 0.8440583348274231, "unseen__samples_per_s": 472.8043664716812, "unseen__samples_total_num": 3274, "unseen__samples_total_s": 6.924639940261841, "seen__f1": 0.0, "seen__pr": 0.0, "seen__rec": 0.0, "seen__ner_f1": 0.7367060780525208, "seen__ner_pr": 0.6128130555152893, "seen__ner_rec": 0.9233884215354919, "seen__macro_f1": 0.0, "seen__macro_pr": 0.0, "seen__macro_rec": 0.0, "seen__macro_ner_f1": 0.7367060780525208, "seen__macro_ner_pr": 0.6128130555152893, "seen__macro_ner_rec": 0.9233884215354919, "seen__samples_per_s": 484.69732844618306, "seen__samples_total_num": 4004, "seen__samples_total_s": 8.260825395584106}}