{"test_metrics": {"unseen__f1": 0.0, "unseen__pr": 0.0, "unseen__rec": 0.0, "unseen__ner_f1": 0.5627480149269104, "unseen__ner_pr": 0.4464777708053589, "unseen__ner_rec": 0.7608987092971802, "unseen__macro_f1": 0.0, "unseen__macro_pr": 0.0, "unseen__macro_rec": 0.0, "unseen__macro_ner_f1": 0.5940186977386475, "unseen__macro_ner_pr": 0.5334455370903015, "unseen__macro_ner_rec": 0.7308707237243652, "unseen__samples_per_s": 448.2629619348754, "unseen__samples_total_num": 2364, "unseen__samples_total_s": 5.273690223693848, "unseen__organization_pr": 0.5150375962257385, "unseen__organization_rec": 0.6327944397926331, "unseen__organization_f1": 0.5678756237030029, "unseen__location_pr": 0.3294951319694519, "unseen__location_rec": 0.8303571343421936, "unseen__location_f1": 0.4717818796634674, "unseen__person_pr": 0.7558039426803589, "unseen__person_rec": 0.729460597038269, "unseen__person_f1": 0.7423986792564392, "seen__f1": 0.0, "seen__pr": 0.0, "seen__rec": 0.0, "seen__ner_f1": 0.8043318390846252, "seen__ner_pr": 0.7220253348350525, "seen__ner_rec": 0.9078176617622375, "seen__macro_f1": 0.0, "seen__macro_pr": 0.0, "seen__macro_rec": 0.0, "seen__macro_ner_f1": 0.6597554087638855, "seen__macro_ner_pr": 0.5489258766174316, "seen__macro_ner_rec": 0.8760307431221008, "seen__samples_per_s": 524.4067414024886, "seen__samples_total_num": 4598, "seen__samples_total_s": 8.768003225326538, "seen__organization_pr": 0.44407346844673157, "seen__organization_rec": 0.818461537361145, "seen__organization_f1": 0.575757622718811, "seen__location_pr": 0.8128418922424316, "seen__location_rec": 0.9132279753684998, "seen__location_f1": 0.8601157069206238, "seen__person_pr": 0.3898623287677765, "seen__person_rec": 0.896402895450592, "seen__person_f1": 0.5433928966522217}, "test_metrics_bounds": {"unseen__f1": 0.0, "unseen__pr": 0.0, "unseen__rec": 0.0, "unseen__ner_f1": 0.5967261791229248, "unseen__ner_pr": 0.4734356701374054, "unseen__ner_rec": 0.8068410754203796, "unseen__macro_f1": 0.0, "unseen__macro_pr": 0.0, "unseen__macro_rec": 0.0, "unseen__macro_ner_f1": 0.5967261791229248, "unseen__macro_ner_pr": 0.4734356701374054, "unseen__macro_ner_rec": 0.8068410754203796, "unseen__samples_per_s": 448.2629619348754, "unseen__samples_total_num": 2364, "unseen__samples_total_s": 5.273690223693848, "seen__f1": 0.0, "seen__pr": 0.0, "seen__rec": 0.0, "seen__ner_f1": 0.8101980090141296, "seen__ner_pr": 0.7272911667823792, "seen__ner_rec": 0.9144384860992432, "seen__macro_f1": 0.0, "seen__macro_pr": 0.0, "seen__macro_rec": 0.0, "seen__macro_ner_f1": 0.8101980090141296, "seen__macro_ner_pr": 0.7272911667823792, "seen__macro_ner_rec": 0.9144384860992432, "seen__samples_per_s": 524.4067414024886, "seen__samples_total_num": 4598, "seen__samples_total_s": 8.768003225326538}}