{"test_metrics": {"unseen__f1": 0.0, "unseen__pr": 0.0, "unseen__rec": 0.0, "unseen__ner_f1": 0.5402335524559021, "unseen__ner_pr": 0.4577540159225464, "unseen__ner_rec": 0.658968448638916, "unseen__macro_f1": 0.0, "unseen__macro_pr": 0.0, "unseen__macro_rec": 0.0, "unseen__macro_ner_f1": 0.48837578296661377, "unseen__macro_ner_pr": 0.431938499212265, "unseen__macro_ner_rec": 0.6049914360046387, "unseen__samples_per_s": 360.8613827919706, "unseen__samples_total_num": 505, "unseen__samples_total_s": 1.3994293212890625, "unseen__task_pr": 0.5593869686126709, "unseen__task_rec": 0.6186440587043762, "unseen__task_f1": 0.5875251889228821, "unseen__method_pr": 0.665105402469635, "unseen__method_rec": 0.7263427376747131, "unseen__method_f1": 0.694376528263092, "unseen__material_pr": 0.39408865571022034, "unseen__material_rec": 0.6349206566810608, "unseen__material_f1": 0.48632216453552246, "unseen__otherscientificterm_pr": 0.4697452187538147, "unseen__otherscientificterm_rec": 0.6659142374992371, "unseen__otherscientificterm_f1": 0.5508870482444763, "unseen__metric_pr": 0.4285714328289032, "unseen__metric_rec": 0.5555555820465088, "unseen__metric_f1": 0.4838709831237793, "unseen__generic_pr": 0.07473309338092804, "unseen__generic_rec": 0.4285714328289032, "unseen__generic_f1": 0.12727272510528564, "seen__f1": 0.0, "seen__pr": 0.0, "seen__rec": 0.0, "seen__ner_f1": 0.4309993088245392, "seen__ner_pr": 0.28896990418434143, "seen__ner_rec": 0.8475936055183411, "seen__macro_f1": 0.0, "seen__macro_pr": 0.0, "seen__macro_rec": 0.0, "seen__macro_ner_f1": 0.39082327485084534, "seen__macro_ner_pr": 0.28474825620651245, "seen__macro_ner_rec": 0.8180424571037292, "seen__samples_per_s": 463.4010487426137, "seen__samples_total_num": 273, "seen__samples_total_s": 0.5891225337982178, "seen__task_pr": 0.15000000596046448, "seen__task_rec": 0.807692289352417, "seen__task_f1": 0.2530120611190796, "seen__method_pr": 0.12735849618911743, "seen__method_rec": 0.7941176295280457, "seen__method_f1": 0.2195122092962265, "seen__material_pr": 0.23770491778850555, "seen__material_rec": 0.90625, "seen__material_f1": 0.37662339210510254, "seen__otherscientificterm_pr": 0.15561959147453308, "seen__otherscientificterm_rec": 0.7297297120094299, "seen__otherscientificterm_f1": 0.25653207302093506, "seen__metric_pr": 0.2888889014720917, "seen__metric_rec": 0.7647058963775635, "seen__metric_f1": 0.4193548560142517, "seen__generic_pr": 0.7489177584648132, "seen__generic_rec": 0.9057591557502747, "seen__generic_f1": 0.8199052214622498}, "test_metrics_bounds": {"unseen__f1": 0.0, "unseen__pr": 0.0, "unseen__rec": 0.0, "unseen__ner_f1": 0.6799368858337402, "unseen__ner_pr": 0.5766345262527466, "unseen__ner_rec": 0.8283295035362244, "unseen__macro_f1": 0.0, "unseen__macro_pr": 0.0, "unseen__macro_rec": 0.0, "unseen__macro_ner_f1": 0.6799368858337402, "unseen__macro_ner_pr": 0.5766345262527466, "unseen__macro_ner_rec": 0.8283295035362244, "unseen__samples_per_s": 360.8613827919706, "unseen__samples_total_num": 505, "unseen__samples_total_s": 1.3994293212890625, "seen__f1": 0.0, "seen__pr": 0.0, "seen__rec": 0.0, "seen__ner_f1": 0.45714282989501953, "seen__ner_pr": 0.30656933784484863, "seen__ner_rec": 0.8983957171440125, "seen__macro_f1": 0.0, "seen__macro_pr": 0.0, "seen__macro_rec": 0.0, "seen__macro_ner_f1": 0.45714282989501953, "seen__macro_ner_pr": 0.30656933784484863, "seen__macro_ner_rec": 0.8983957171440125, "seen__samples_per_s": 463.4010487426137, "seen__samples_total_num": 273, "seen__samples_total_s": 0.5891225337982178}}