{"test_metrics": {"unseen__f1": 0.0, "unseen__pr": 0.0, "unseen__rec": 0.0, "unseen__ner_f1": 0.5750220417976379, "unseen__ner_pr": 0.46304193139076233, "unseen__ner_rec": 0.7584400177001953, "unseen__macro_f1": 0.0, "unseen__macro_pr": 0.0, "unseen__macro_rec": 0.0, "unseen__macro_ner_f1": 0.6047773957252502, "unseen__macro_ner_pr": 0.545879065990448, "unseen__macro_ner_rec": 0.7306356430053711, "unseen__samples_per_s": 561.9651720751012, "unseen__samples_total_num": 2666, "unseen__samples_total_s": 4.74406623840332, "unseen__organization_pr": 0.5161290168762207, "unseen__organization_rec": 0.6666666865348816, "unseen__organization_f1": 0.581818163394928, "unseen__location_pr": 0.3665977120399475, "unseen__location_rec": 0.8297249674797058, "unseen__location_f1": 0.5085171461105347, "unseen__person_pr": 0.7549103498458862, "unseen__person_rec": 0.6955153346061707, "unseen__person_f1": 0.7239967584609985, "seen__f1": 0.0, "seen__pr": 0.0, "seen__rec": 0.0, "seen__ner_f1": 0.7873542904853821, "seen__ner_pr": 0.6975798010826111, "seen__ner_rec": 0.9036486744880676, "seen__macro_f1": 0.0, "seen__macro_pr": 0.0, "seen__macro_rec": 0.0, "seen__macro_ner_f1": 0.626862108707428, "seen__macro_ner_pr": 0.5169282555580139, "seen__macro_ner_rec": 0.8408081531524658, "seen__samples_per_s": 595.9875303766958, "seen__samples_total_num": 4489, "seen__samples_total_s": 7.532036781311035, "seen__organization_pr": 0.39824560284614563, "seen__organization_rec": 0.751655638217926, "seen__organization_f1": 0.5206421613693237, "seen__location_pr": 0.7835406064987183, "seen__location_rec": 0.9154428839683533, "seen__location_f1": 0.8443715572357178, "seen__person_pr": 0.36899861693382263, "seen__person_rec": 0.8553259372711182, "seen__person_f1": 0.5155725479125977}, "test_metrics_bounds": {"unseen__f1": 0.0, "unseen__pr": 0.0, "unseen__rec": 0.0, "unseen__ner_f1": 0.6081200242042542, "unseen__ner_pr": 0.48969438672065735, "unseen__ner_rec": 0.8020954728126526, "unseen__macro_f1": 0.0, "unseen__macro_pr": 0.0, "unseen__macro_rec": 0.0, "unseen__macro_ner_f1": 0.6081200242042542, "unseen__macro_ner_pr": 0.48969438672065735, "unseen__macro_ner_rec": 0.8020954728126526, "unseen__samples_per_s": 561.9651720751012, "unseen__samples_total_num": 2666, "unseen__samples_total_s": 4.74406623840332, "seen__f1": 0.0, "seen__pr": 0.0, "seen__rec": 0.0, "seen__ner_f1": 0.7948899269104004, "seen__ner_pr": 0.7042562365531921, "seen__ner_rec": 0.9122973084449768, "seen__macro_f1": 0.0, "seen__macro_pr": 0.0, "seen__macro_rec": 0.0, "seen__macro_ner_f1": 0.7948899269104004, "seen__macro_ner_pr": 0.7042562365531921, "seen__macro_ner_rec": 0.9122973084449768, "seen__samples_per_s": 595.9875303766958, "seen__samples_total_num": 4489, "seen__samples_total_s": 7.532036781311035}}