{"test_metrics": {"seen__f1": 0.0, "seen__pr": 0.0, "seen__rec": 0.0, "seen__ner_f1": 0.8024284243583679, "seen__ner_pr": 0.7041810154914856, "seen__ner_rec": 0.9325359463691711, "seen__macro_f1": 0.0, "seen__macro_pr": 0.0, "seen__macro_rec": 0.0, "seen__macro_ner_f1": 0.6633335947990417, "seen__macro_ner_pr": 0.5498631596565247, "seen__macro_ner_rec": 0.8749955296516418, "seen__samples_per_s": 539.3476191572547, "seen__samples_total_num": 4524, "seen__samples_total_s": 8.387911319732666, "seen__organization_pr": 0.5011135935783386, "seen__organization_rec": 0.7922534942626953, "seen__organization_f1": 0.6139153838157654, "seen__location_pr": 0.7768126726150513, "seen__location_rec": 0.9425691366195679, "seen__location_f1": 0.8517010807991028, "seen__person_pr": 0.37166324257850647, "seen__person_rec": 0.8901639580726624, "seen__person_f1": 0.5243843197822571, "unseen__f1": 0.0, "unseen__pr": 0.0, "unseen__rec": 0.0, "unseen__ner_f1": 0.5482267141342163, "unseen__ner_pr": 0.4386492073535919, "unseen__ner_rec": 0.7307805418968201, "unseen__macro_f1": 0.0, "unseen__macro_pr": 0.0, "unseen__macro_rec": 0.0, "unseen__macro_ner_f1": 0.5902360081672668, "unseen__macro_ner_pr": 0.5614232420921326, "unseen__macro_ner_rec": 0.6897837519645691, "unseen__samples_per_s": 563.8113165221665, "unseen__samples_total_num": 2657, "unseen__samples_total_s": 4.71256947517395, "unseen__organization_pr": 0.5904139280319214, "unseen__organization_rec": 0.5717299580574036, "unseen__organization_f1": 0.5809217095375061, "unseen__location_pr": 0.32863849401474, "unseen__location_rec": 0.8154506683349609, "unseen__location_f1": 0.46847477555274963, "unseen__person_pr": 0.7652173638343811, "unseen__person_rec": 0.682170569896698, "unseen__person_f1": 0.7213115096092224}, "test_metrics_bounds": {"seen__f1": 0.0, "seen__pr": 0.0, "seen__rec": 0.0, "seen__ner_f1": 0.8063601851463318, "seen__ner_pr": 0.7076314091682434, "seen__ner_rec": 0.9371052384376526, "seen__macro_f1": 0.0, "seen__macro_pr": 0.0, "seen__macro_rec": 0.0, "seen__macro_ner_f1": 0.8063601851463318, "seen__macro_ner_pr": 0.7076314091682434, "seen__macro_ner_rec": 0.9371052384376526, "seen__samples_per_s": 539.3476191572547, "seen__samples_total_num": 4524, "seen__samples_total_s": 8.387911319732666, "unseen__f1": 0.0, "unseen__pr": 0.0, "unseen__rec": 0.0, "unseen__ner_f1": 0.5782786011695862, "unseen__ner_pr": 0.4626944959163666, "unseen__ner_rec": 0.7708394527435303, "unseen__macro_f1": 0.0, "unseen__macro_pr": 0.0, "unseen__macro_rec": 0.0, "unseen__macro_ner_f1": 0.5782786011695862, "unseen__macro_ner_pr": 0.4626944959163666, "unseen__macro_ner_rec": 0.7708394527435303, "unseen__samples_per_s": 563.8113165221665, "unseen__samples_total_num": 2657, "unseen__samples_total_s": 4.71256947517395}}