{"test_metrics": {"seen__f1": 0.0, "seen__pr": 0.0, "seen__rec": 0.0, "seen__ner_f1": 0.0, "seen__ner_pr": 0.0, "seen__ner_rec": 0.0, "seen__macro_f1": 0.0, "seen__macro_pr": 0.0, "seen__macro_rec": 0.0, "seen__macro_ner_f1": 0.0, "seen__macro_ner_pr": 0.0, "seen__macro_ner_rec": 0.0, "seen__samples_per_s": 103.07834705277979, "seen__samples_total_num": 2050, "seen__samples_total_s": 19.887784957885742, "seen__per_pr": 0.0, "seen__per_rec": 0.0, "seen__per_f1": 0.0, "seen__org_pr": 0.0, "seen__org_rec": 0.0, "seen__org_f1": 0.0, "seen__wea_pr": 0.0, "seen__wea_rec": 0.0, "seen__wea_f1": 0.0, "seen__gpe_pr": 0.0, "seen__gpe_rec": 0.0, "seen__gpe_f1": 0.0, "seen__veh_pr": 0.0, "seen__veh_rec": 0.0, "seen__veh_f1": 0.0, "seen__fac_pr": 0.0, "seen__fac_rec": 0.0, "seen__fac_f1": 0.0, "seen__loc_pr": 0.0, "seen__loc_rec": 0.0, "seen__loc_f1": 0.0, "unseen__f1": 0.0, "unseen__pr": 0.0, "unseen__rec": 0.0, "unseen__ner_f1": 0.6844713687896729, "unseen__ner_pr": 0.7196341156959534, "unseen__ner_rec": 0.6525848507881165, "unseen__macro_f1": 0.0, "unseen__macro_pr": 0.0, "unseen__macro_rec": 0.0, "unseen__macro_ner_f1": 0.5009462237358093, "unseen__macro_ner_pr": 0.5568820238113403, "unseen__macro_ner_rec": 0.47295746207237244, "unseen__samples_per_s": 109.92832553925884, "unseen__samples_total_num": 2050, "unseen__samples_total_s": 18.64851474761963, "unseen__per_pr": 0.8970722556114197, "unseen__per_rec": 0.707431435585022, "unseen__per_f1": 0.7910447716712952, "unseen__org_pr": 0.4274691343307495, "unseen__org_rec": 0.6839506030082703, "unseen__org_f1": 0.526115894317627, "unseen__wea_pr": 0.2839506268501282, "unseen__wea_rec": 0.21904762089252472, "unseen__wea_f1": 0.24731184542179108, "unseen__gpe_pr": 0.8543307185173035, "unseen__gpe_rec": 0.6649642586708069, "unseen__gpe_f1": 0.7478460669517517, "unseen__veh_pr": 0.6849315166473389, "unseen__veh_rec": 0.4672897160053253, "unseen__veh_f1": 0.5555555820465088, "unseen__fac_pr": 0.5504201650619507, "unseen__fac_rec": 0.4695340394973755, "unseen__fac_f1": 0.5067698359489441, "unseen__loc_pr": 0.20000000298023224, "unseen__loc_rec": 0.09848485141992569, "unseen__loc_f1": 0.13197970390319824}, "test_metrics_bounds": {"seen__f1": 0.0, "seen__pr": 0.0, "seen__rec": 0.0, "seen__ner_f1": 0.0, "seen__ner_pr": 0.0, "seen__ner_rec": 0.0, "seen__macro_f1": 0.0, "seen__macro_pr": 0.0, "seen__macro_rec": 0.0, "seen__macro_ner_f1": 0.0, "seen__macro_ner_pr": 0.0, "seen__macro_ner_rec": 0.0, "seen__samples_per_s": 103.07834705277979, "seen__samples_total_num": 2050, "seen__samples_total_s": 19.887784957885742, "unseen__f1": 0.0, "unseen__pr": 0.0, "unseen__rec": 0.0, "unseen__ner_f1": 0.8533414006233215, "unseen__ner_pr": 0.8995717167854309, "unseen__ner_rec": 0.8116306066513062, "unseen__macro_f1": 0.0, "unseen__macro_pr": 0.0, "unseen__macro_rec": 0.0, "unseen__macro_ner_f1": 0.8533414006233215, "unseen__macro_ner_pr": 0.8995717167854309, "unseen__macro_ner_rec": 0.8116306066513062, "unseen__samples_per_s": 109.92832553925884, "unseen__samples_total_num": 2050, "unseen__samples_total_s": 18.64851474761963}}