{"test_metrics": {"seen__f1": 0.0, "seen__pr": 0.0, "seen__rec": 0.0, "seen__ner_f1": 0.3908589482307434, "seen__ner_pr": 0.26077812910079956, "seen__ner_rec": 0.7798742055892944, "seen__macro_f1": 0.0, "seen__macro_pr": 0.0, "seen__macro_rec": 0.0, "seen__macro_ner_f1": 0.3273671269416809, "seen__macro_ner_pr": 0.24993567168712616, "seen__macro_ner_rec": 0.7058935165405273, "seen__samples_per_s": 231.60343129458047, "seen__samples_total_num": 251, "seen__samples_total_s": 1.0837490558624268, "seen__task_pr": 0.08176100999116898, "seen__task_rec": 0.7647058963775635, "seen__task_f1": 0.14772728085517883, "seen__method_pr": 0.10169491171836853, "seen__method_rec": 0.692307710647583, "seen__method_f1": 0.17733989655971527, "seen__material_pr": 0.1595744639635086, "seen__material_rec": 0.517241358757019, "seen__material_f1": 0.24390244483947754, "seen__otherscientificterm_pr": 0.11355311423540115, "seen__otherscientificterm_rec": 0.6326530575752258, "seen__otherscientificterm_f1": 0.19254659116268158, "seen__metric_pr": 0.23999999463558197, "seen__metric_rec": 0.75, "seen__metric_f1": 0.3636363446712494, "seen__generic_pr": 0.8030303120613098, "seen__generic_rec": 0.8784530162811279, "seen__generic_f1": 0.8390501737594604, "unseen__f1": 0.0, "unseen__pr": 0.0, "unseen__rec": 0.0, "unseen__ner_f1": 0.5475504398345947, "unseen__ner_pr": 0.4835972785949707, "unseen__ner_rec": 0.6309962868690491, "unseen__macro_f1": 0.0, "unseen__macro_pr": 0.0, "unseen__macro_rec": 0.0, "unseen__macro_ner_f1": 0.511394202709198, "unseen__macro_ner_pr": 0.4601196348667145, "unseen__macro_ner_rec": 0.6068280935287476, "unseen__samples_per_s": 360.9155381369539, "unseen__samples_total_num": 511, "unseen__samples_total_s": 1.4158437252044678, "unseen__task_pr": 0.5030487775802612, "unseen__task_rec": 0.6734693646430969, "unseen__task_f1": 0.5759161710739136, "unseen__method_pr": 0.6949999928474426, "unseen__method_rec": 0.6967418789863586, "unseen__method_f1": 0.6958698630332947, "unseen__material_pr": 0.5094339847564697, "unseen__material_rec": 0.6279069781303406, "unseen__material_f1": 0.5625, "unseen__otherscientificterm_pr": 0.49816176295280457, "unseen__otherscientificterm_rec": 0.5790598392486572, "unseen__otherscientificterm_f1": 0.5355731248855591, "unseen__metric_pr": 0.4691357910633087, "unseen__metric_rec": 0.6909090876579285, "unseen__metric_f1": 0.5588235259056091, "unseen__generic_pr": 0.0859375, "unseen__generic_rec": 0.37288135290145874, "unseen__generic_f1": 0.13968254625797272}, "test_metrics_bounds": {"seen__f1": 0.0, "seen__pr": 0.0, "seen__rec": 0.0, "seen__ner_f1": 0.430939257144928, "seen__ner_pr": 0.2876712381839752, "seen__ner_rec": 0.8584905862808228, "seen__macro_f1": 0.0, "seen__macro_pr": 0.0, "seen__macro_rec": 0.0, "seen__macro_ner_f1": 0.430939257144928, "seen__macro_ner_pr": 0.2876712381839752, "seen__macro_ner_rec": 0.8584905862808228, "seen__samples_per_s": 231.60343129458047, "seen__samples_total_num": 251, "seen__samples_total_s": 1.0837490558624268, "unseen__f1": 0.0, "unseen__pr": 0.0, "unseen__rec": 0.0, "unseen__ner_f1": 0.6978532671928406, "unseen__ner_pr": 0.6166477799415588, "unseen__ner_rec": 0.8036900162696838, "unseen__macro_f1": 0.0, "unseen__macro_pr": 0.0, "unseen__macro_rec": 0.0, "unseen__macro_ner_f1": 0.6978532671928406, "unseen__macro_ner_pr": 0.6166477799415588, "unseen__macro_ner_rec": 0.8036900162696838, "unseen__samples_per_s": 360.9155381369539, "unseen__samples_total_num": 511, "unseen__samples_total_s": 1.4158437252044678}}