{"test_metrics": {"unseen__f1": 0.0, "unseen__pr": 0.0, "unseen__rec": 0.0, "unseen__ner_f1": 0.5765746831893921, "unseen__ner_pr": 0.4488881528377533, "unseen__ner_rec": 0.805778980255127, "unseen__macro_f1": 0.0, "unseen__macro_pr": 0.0, "unseen__macro_rec": 0.0, "unseen__macro_ner_f1": 0.6111040711402893, "unseen__macro_ner_pr": 0.5335886478424072, "unseen__macro_ner_rec": 0.7682173848152161, "unseen__samples_per_s": 517.949777831087, "unseen__samples_total_num": 2614, "unseen__samples_total_s": 5.046821355819702, "unseen__organization_pr": 0.5420240163803101, "unseen__organization_rec": 0.6542443037033081, "unseen__organization_f1": 0.5928705334663391, "unseen__location_pr": 0.34748464822769165, "unseen__location_rec": 0.8713846206665039, "unseen__location_f1": 0.4968421161174774, "unseen__person_pr": 0.7112573385238647, "unseen__person_rec": 0.7790232300758362, "unseen__person_f1": 0.743599534034729, "seen__f1": 0.0, "seen__pr": 0.0, "seen__rec": 0.0, "seen__ner_f1": 0.7794067859649658, "seen__ner_pr": 0.6739151477813721, "seen__ner_rec": 0.9240540266036987, "seen__macro_f1": 0.0, "seen__macro_pr": 0.0, "seen__macro_rec": 0.0, "seen__macro_ner_f1": 0.6290117502212524, "seen__macro_ner_pr": 0.505678653717041, "seen__macro_ner_rec": 0.8980984687805176, "seen__samples_per_s": 571.8138028560036, "seen__samples_total_num": 4505, "seen__samples_total_s": 7.878438711166382, "seen__organization_pr": 0.40998217463493347, "seen__organization_rec": 0.8363636136054993, "seen__organization_f1": 0.5502392053604126, "seen__location_pr": 0.7686954140663147, "seen__location_rec": 0.9270563125610352, "seen__location_f1": 0.8404815196990967, "seen__person_pr": 0.33835846185684204, "seen__person_rec": 0.9308755993843079, "seen__person_f1": 0.49631449580192566}, "test_metrics_bounds": {"unseen__f1": 0.0, "unseen__pr": 0.0, "unseen__rec": 0.0, "unseen__ner_f1": 0.6099562644958496, "unseen__ner_pr": 0.47493359446525574, "unseen__ner_rec": 0.852249026298523, "unseen__macro_f1": 0.0, "unseen__macro_pr": 0.0, "unseen__macro_rec": 0.0, "unseen__macro_ner_f1": 0.6099562644958496, "unseen__macro_ner_pr": 0.47493359446525574, "unseen__macro_ner_rec": 0.852249026298523, "unseen__samples_per_s": 517.949777831087, "unseen__samples_total_num": 2614, "unseen__samples_total_s": 5.046821355819702, "seen__f1": 0.0, "seen__pr": 0.0, "seen__rec": 0.0, "seen__ner_f1": 0.7830795049667358, "seen__ner_pr": 0.6772022247314453, "seen__ner_rec": 0.9281989336013794, "seen__macro_f1": 0.0, "seen__macro_pr": 0.0, "seen__macro_rec": 0.0, "seen__macro_ner_f1": 0.7830795049667358, "seen__macro_ner_pr": 0.6772022247314453, "seen__macro_ner_rec": 0.9281989336013794, "seen__samples_per_s": 571.8138028560036, "seen__samples_total_num": 4505, "seen__samples_total_s": 7.878438711166382}}