{"test_metrics": {"seen__f1": 0.0, "seen__pr": 0.0, "seen__rec": 0.0, "seen__ner_f1": 0.0, "seen__ner_pr": 0.0, "seen__ner_rec": 0.0, "seen__macro_f1": 0.0, "seen__macro_pr": 0.0, "seen__macro_rec": 0.0, "seen__macro_ner_f1": 0.0, "seen__macro_ner_pr": 0.0, "seen__macro_ner_rec": 0.0, "seen__samples_per_s": 0.0, "seen__samples_total_num": 0, "seen__samples_total_s": 0.0, "seen__loc_pr": 0.0, "seen__loc_rec": 0.0, "seen__loc_f1": 0.0, "seen__org_pr": 0.0, "seen__org_rec": 0.0, "seen__org_f1": 0.0, "seen__peop_pr": 0.0, "seen__peop_rec": 0.0, "seen__peop_f1": 0.0, "seen__other_pr": 0.0, "seen__other_rec": 0.0, "seen__other_f1": 0.0, "unseen__f1": 0.0, "unseen__pr": 0.0, "unseen__rec": 0.0, "unseen__ner_f1": 0.8214803338050842, "unseen__ner_pr": 0.8422619104385376, "unseen__ner_rec": 0.801699697971344, "unseen__macro_f1": 0.0, "unseen__macro_pr": 0.0, "unseen__macro_rec": 0.0, "unseen__macro_ner_f1": 0.7826581001281738, "unseen__macro_ner_pr": 0.8116762638092041, "unseen__macro_ner_rec": 0.7616845965385437, "unseen__samples_per_s": 378.8041780238554, "unseen__samples_total_num": 288, "unseen__samples_total_s": 0.7602872848510742, "unseen__loc_pr": 0.8877005577087402, "unseen__loc_rec": 0.8019323945045471, "unseen__loc_f1": 0.842639684677124, "unseen__org_pr": 0.7303921580314636, "unseen__org_rec": 0.764102578163147, "unseen__org_f1": 0.7468671798706055, "unseen__peop_pr": 0.8912386894226074, "unseen__peop_rec": 0.9276729822158813, "unseen__peop_f1": 0.9090909361839294, "unseen__other_pr": 0.7373737096786499, "unseen__other_rec": 0.5530303120613098, "unseen__other_f1": 0.6320345997810364}, "test_metrics_bounds": {"seen__f1": 0.0, "seen__pr": 0.0, "seen__rec": 0.0, "seen__ner_f1": 0.0, "seen__ner_pr": 0.0, "seen__ner_rec": 0.0, "seen__macro_f1": 0.0, "seen__macro_pr": 0.0, "seen__macro_rec": 0.0, "seen__macro_ner_f1": 0.0, "seen__macro_ner_pr": 0.0, "seen__macro_ner_rec": 0.0, "seen__samples_per_s": 0.0, "seen__samples_total_num": 0, "seen__samples_total_s": 0.0, "unseen__f1": 0.0, "unseen__pr": 0.0, "unseen__rec": 0.0, "unseen__ner_f1": 0.8561742901802063, "unseen__ner_pr": 0.8787276148796082, "unseen__ner_rec": 0.8347497582435608, "unseen__macro_f1": 0.0, "unseen__macro_pr": 0.0, "unseen__macro_rec": 0.0, "unseen__macro_ner_f1": 0.8561742901802063, "unseen__macro_ner_pr": 0.8787276148796082, "unseen__macro_ner_rec": 0.8347497582435608, "unseen__samples_per_s": 378.8041780238554, "unseen__samples_total_num": 288, "unseen__samples_total_s": 0.7602872848510742}}