{"test_metrics": {"seen__f1": 0.0, "seen__pr": 0.0, "seen__rec": 0.0, "seen__ner_f1": 0.4314868748188019, "seen__ner_pr": 0.28991183638572693, "seen__ner_rec": 0.8433048725128174, "seen__macro_f1": 0.0, "seen__macro_pr": 0.0, "seen__macro_rec": 0.0, "seen__macro_ner_f1": 0.37633490562438965, "seen__macro_ner_pr": 0.2811948359012604, "seen__macro_ner_rec": 0.7987473011016846, "seen__samples_per_s": 277.11944804314726, "seen__samples_total_num": 263, "seen__samples_total_s": 0.9490492343902588, "seen__task_pr": 0.13071896135807037, "seen__task_rec": 0.8695651888847351, "seen__task_f1": 0.22727271914482117, "seen__method_pr": 0.12437810748815536, "seen__method_rec": 0.8333333134651184, "seen__method_f1": 0.21645022928714752, "seen__material_pr": 0.23076923191547394, "seen__material_rec": 0.8275862336158752, "seen__material_f1": 0.36090224981307983, "seen__otherscientificterm_pr": 0.1437908560037613, "seen__otherscientificterm_rec": 0.7096773982048035, "seen__otherscientificterm_f1": 0.239130437374115, "seen__metric_pr": 0.25, "seen__metric_rec": 0.6470588445663452, "seen__metric_f1": 0.3606557548046112, "seen__generic_pr": 0.8075117468833923, "seen__generic_rec": 0.9052631855010986, "seen__generic_f1": 0.8535979986190796, "unseen__f1": 0.0, "unseen__pr": 0.0, "unseen__rec": 0.0, "unseen__ner_f1": 0.5473752021789551, "unseen__ner_pr": 0.4744728207588196, "unseen__ner_rec": 0.646747350692749, "unseen__macro_f1": 0.0, "unseen__macro_pr": 0.0, "unseen__macro_rec": 0.0, "unseen__macro_ner_f1": 0.4981272518634796, "unseen__macro_ner_pr": 0.449422687292099, "unseen__macro_ner_rec": 0.5872231125831604, "unseen__samples_per_s": 485.3608687187814, "unseen__samples_total_num": 510, "unseen__samples_total_s": 1.050764560699463, "unseen__task_pr": 0.5246478915214539, "unseen__task_rec": 0.6234309673309326, "unseen__task_f1": 0.5697896480560303, "unseen__method_pr": 0.692307710647583, "unseen__method_rec": 0.7291139364242554, "unseen__method_f1": 0.7102342844009399, "unseen__material_pr": 0.4751381278038025, "unseen__material_rec": 0.6666666865348816, "unseen__material_f1": 0.5548387169837952, "unseen__otherscientificterm_pr": 0.47194719314575195, "unseen__otherscientificterm_rec": 0.6285714507102966, "unseen__otherscientificterm_f1": 0.5391139984130859, "unseen__metric_pr": 0.46875, "unseen__metric_rec": 0.5555555820465088, "unseen__metric_f1": 0.508474588394165, "unseen__generic_pr": 0.06374502182006836, "unseen__generic_rec": 0.3199999928474426, "unseen__generic_f1": 0.10631228983402252}, "test_metrics_bounds": {"seen__f1": 0.0, "seen__pr": 0.0, "seen__rec": 0.0, "seen__ner_f1": 0.44930708408355713, "seen__ner_pr": 0.3019607961177826, "seen__ner_rec": 0.8774929046630859, "seen__macro_f1": 0.0, "seen__macro_pr": 0.0, "seen__macro_rec": 0.0, "seen__macro_ner_f1": 0.44930708408355713, "seen__macro_ner_pr": 0.3019607961177826, "seen__macro_ner_rec": 0.8774929046630859, "seen__samples_per_s": 277.11944804314726, "seen__samples_total_num": 263, "seen__samples_total_s": 0.9490492343902588, "unseen__f1": 0.0, "unseen__pr": 0.0, "unseen__rec": 0.0, "unseen__ner_f1": 0.6807556748390198, "unseen__ner_pr": 0.5902276635169983, "unseen__ner_rec": 0.8040847182273865, "unseen__macro_f1": 0.0, "unseen__macro_pr": 0.0, "unseen__macro_rec": 0.0, "unseen__macro_ner_f1": 0.6807556748390198, "unseen__macro_ner_pr": 0.5902276635169983, "unseen__macro_ner_rec": 0.8040847182273865, "unseen__samples_per_s": 485.3608687187814, "unseen__samples_total_num": 510, "unseen__samples_total_s": 1.050764560699463}}