{"test_metrics": {"unseen__f1": 0.0, "unseen__pr": 0.0, "unseen__rec": 0.0, "unseen__ner_f1": 0.576911211013794, "unseen__ner_pr": 0.5399768352508545, "unseen__ner_rec": 0.6192691326141357, "unseen__macro_f1": 0.0, "unseen__macro_pr": 0.0, "unseen__macro_rec": 0.0, "unseen__macro_ner_f1": 0.5404985547065735, "unseen__macro_ner_pr": 0.523880660533905, "unseen__macro_ner_rec": 0.5816184878349304, "unseen__samples_per_s": 344.6961011075562, "unseen__samples_total_num": 519, "unseen__samples_total_s": 1.505674123764038, "unseen__task_pr": 0.5472312569618225, "unseen__task_rec": 0.6511628031730652, "unseen__task_f1": 0.5946902632713318, "unseen__method_pr": 0.7197149395942688, "unseen__method_rec": 0.716312050819397, "unseen__method_f1": 0.7180094122886658, "unseen__material_pr": 0.5953757166862488, "unseen__material_rec": 0.6602563858032227, "unseen__material_f1": 0.626139760017395, "unseen__otherscientificterm_pr": 0.5378788113594055, "unseen__otherscientificterm_rec": 0.5601577758789062, "unseen__otherscientificterm_f1": 0.54879230260849, "unseen__metric_pr": 0.5454545617103577, "unseen__metric_rec": 0.42105263471603394, "unseen__metric_f1": 0.4752475321292877, "unseen__generic_pr": 0.197628453373909, "unseen__generic_rec": 0.48076921701431274, "unseen__generic_f1": 0.28011205792427063, "seen__f1": 0.0, "seen__pr": 0.0, "seen__rec": 0.0, "seen__ner_f1": 0.34199729561805725, "seen__ner_pr": 0.22202487289905548, "seen__ner_rec": 0.7440476417541504, "seen__macro_f1": 0.0, "seen__macro_pr": 0.0, "seen__macro_rec": 0.0, "seen__macro_ner_f1": 0.1816929131746292, "seen__macro_ner_pr": 0.15702085196971893, "seen__macro_ner_rec": 0.47664567828178406, "seen__samples_per_s": 477.8398322648694, "seen__samples_total_num": 151, "seen__samples_total_s": 0.3160054683685303, "seen__task_pr": 0.02247191034257412, "seen__task_rec": 0.5, "seen__task_f1": 0.04301075264811516, "seen__method_pr": 0.010101010091602802, "seen__method_rec": 0.5, "seen__method_f1": 0.019801979884505272, "seen__material_pr": 0.016949152573943138, "seen__material_rec": 0.5, "seen__material_f1": 0.032786883413791656, "seen__otherscientificterm_pr": 0.021897809579968452, "seen__otherscientificterm_rec": 0.30000001192092896, "seen__otherscientificterm_f1": 0.040816325694322586, "seen__metric_pr": 0.1428571492433548, "seen__metric_rec": 0.2142857164144516, "seen__metric_f1": 0.17142857611179352, "seen__generic_pr": 0.7278481125831604, "seen__generic_rec": 0.845588207244873, "seen__generic_f1": 0.7823129892349243}, "test_metrics_bounds": {"unseen__f1": 0.0, "unseen__pr": 0.0, "unseen__rec": 0.0, "unseen__ner_f1": 0.7267658114433289, "unseen__ner_pr": 0.6807892918586731, "unseen__ner_rec": 0.7794020175933838, "unseen__macro_f1": 0.0, "unseen__macro_pr": 0.0, "unseen__macro_rec": 0.0, "unseen__macro_ner_f1": 0.7267658114433289, "unseen__macro_ner_pr": 0.6807892918586731, "unseen__macro_ner_rec": 0.7794020175933838, "unseen__samples_per_s": 344.6961011075562, "unseen__samples_total_num": 519, "unseen__samples_total_s": 1.505674123764038, "seen__f1": 0.0, "seen__pr": 0.0, "seen__rec": 0.0, "seen__ner_f1": 0.36986300349235535, "seen__ner_pr": 0.2402135282754898, "seen__ner_rec": 0.8035714030265808, "seen__macro_f1": 0.0, "seen__macro_pr": 0.0, "seen__macro_rec": 0.0, "seen__macro_ner_f1": 0.36986300349235535, "seen__macro_ner_pr": 0.2402135282754898, "seen__macro_ner_rec": 0.8035714030265808, "seen__samples_per_s": 477.8398322648694, "seen__samples_total_num": 151, "seen__samples_total_s": 0.3160054683685303}}