{"test_metrics": {"unseen__f1": 0.0, "unseen__pr": 0.0, "unseen__rec": 0.0, "unseen__ner_f1": 0.5797641277313232, "unseen__ner_pr": 0.5411355495452881, "unseen__ner_rec": 0.624331533908844, "unseen__macro_f1": 0.0, "unseen__macro_pr": 0.0, "unseen__macro_rec": 0.0, "unseen__macro_ner_f1": 0.5462389588356018, "unseen__macro_ner_pr": 0.5243194699287415, "unseen__macro_ner_rec": 0.591290295124054, "unseen__samples_per_s": 444.35104496330626, "unseen__samples_total_num": 519, "unseen__samples_total_s": 1.1679954528808594, "unseen__task_pr": 0.5439739227294922, "unseen__task_rec": 0.6498054265975952, "unseen__task_f1": 0.5921985507011414, "unseen__method_pr": 0.711904764175415, "unseen__method_rec": 0.7204819321632385, "unseen__method_f1": 0.7161677479743958, "unseen__material_pr": 0.5838150382041931, "unseen__material_rec": 0.6870748400688171, "unseen__material_f1": 0.6312500238418579, "unseen__otherscientificterm_pr": 0.525519847869873, "unseen__otherscientificterm_rec": 0.5616161823272705, "unseen__otherscientificterm_f1": 0.54296875, "unseen__metric_pr": 0.52173912525177, "unseen__metric_rec": 0.3870967626571655, "unseen__metric_f1": 0.4444444477558136, "unseen__generic_pr": 0.2589641511440277, "unseen__generic_rec": 0.5416666865348816, "unseen__generic_f1": 0.3504043519496918, "seen__f1": 0.0, "seen__pr": 0.0, "seen__rec": 0.0, "seen__ner_f1": 0.3253968060016632, "seen__ner_pr": 0.21243523061275482, "seen__ner_rec": 0.694915235042572, "seen__macro_f1": 0.0, "seen__macro_pr": 0.0, "seen__macro_rec": 0.0, "seen__macro_ner_f1": 0.20917248725891113, "seen__macro_ner_pr": 0.16047878563404083, "seen__macro_ner_rec": 0.4914141595363617, "seen__samples_per_s": 584.738567295046, "seen__samples_total_num": 159, "seen__samples_total_s": 0.27191638946533203, "seen__task_pr": 0.029126213863492012, "seen__task_rec": 0.6000000238418579, "seen__task_f1": 0.0555555559694767, "seen__method_pr": 0.0520833320915699, "seen__method_rec": 0.5, "seen__method_f1": 0.09433962404727936, "seen__material_pr": 0.05000000074505806, "seen__material_rec": 0.27272728085517883, "seen__material_f1": 0.0845070406794548, "seen__otherscientificterm_pr": 0.06428571790456772, "seen__otherscientificterm_rec": 0.40909090638160706, "seen__otherscientificterm_f1": 0.1111111119389534, "seen__metric_pr": 0.1304347813129425, "seen__metric_rec": 0.3333333432674408, "seen__metric_f1": 0.1875, "seen__generic_pr": 0.6369426846504211, "seen__generic_rec": 0.8333333134651184, "seen__generic_f1": 0.7220216393470764}, "test_metrics_bounds": {"unseen__f1": 0.0, "unseen__pr": 0.0, "unseen__rec": 0.0, "unseen__ner_f1": 0.7256911993026733, "unseen__ner_pr": 0.6778873801231384, "unseen__ner_rec": 0.7807486653327942, "unseen__macro_f1": 0.0, "unseen__macro_pr": 0.0, "unseen__macro_rec": 0.0, "unseen__macro_ner_f1": 0.7256911993026733, "unseen__macro_ner_pr": 0.6778873801231384, "unseen__macro_ner_rec": 0.7807486653327942, "unseen__samples_per_s": 444.35104496330626, "unseen__samples_total_num": 519, "unseen__samples_total_s": 1.1679954528808594, "seen__f1": 0.0, "seen__pr": 0.0, "seen__rec": 0.0, "seen__ner_f1": 0.37086090445518494, "seen__ner_pr": 0.24221453070640564, "seen__ner_rec": 0.790960431098938, "seen__macro_f1": 0.0, "seen__macro_pr": 0.0, "seen__macro_rec": 0.0, "seen__macro_ner_f1": 0.37086090445518494, "seen__macro_ner_pr": 0.24221453070640564, "seen__macro_ner_rec": 0.790960431098938, "seen__samples_per_s": 584.738567295046, "seen__samples_total_num": 159, "seen__samples_total_s": 0.27191638946533203}}