{"test_metrics": {"unseen__f1": 0.0, "unseen__pr": 0.0, "unseen__rec": 0.0, "unseen__ner_f1": 0.5354932546615601, "unseen__ner_pr": 0.423012912273407, "unseen__ner_rec": 0.729458212852478, "unseen__macro_f1": 0.0, "unseen__macro_pr": 0.0, "unseen__macro_rec": 0.0, "unseen__macro_ner_f1": 0.5614315867424011, "unseen__macro_ner_pr": 0.5215502381324768, "unseen__macro_ner_rec": 0.6802352070808411, "unseen__samples_per_s": 535.4698510672173, "unseen__samples_total_num": 2238, "unseen__samples_total_s": 4.17950701713562, "unseen__organization_pr": 0.49624061584472656, "unseen__organization_rec": 0.5308310985565186, "unseen__organization_f1": 0.5129534006118774, "unseen__location_pr": 0.3159445822238922, "unseen__location_rec": 0.8316524624824524, "unseen__location_f1": 0.45792391896247864, "unseen__person_pr": 0.7524654865264893, "unseen__person_rec": 0.6782222390174866, "unseen__person_f1": 0.7134175300598145, "seen__f1": 0.0, "seen__pr": 0.0, "seen__rec": 0.0, "seen__ner_f1": 0.8207109570503235, "seen__ner_pr": 0.7384523749351501, "seen__ner_rec": 0.9235929846763611, "seen__macro_f1": 0.0, "seen__macro_pr": 0.0, "seen__macro_rec": 0.0, "seen__macro_ner_f1": 0.6962988376617432, "seen__macro_ner_pr": 0.6022319197654724, "seen__macro_ner_rec": 0.8536563515663147, "seen__samples_per_s": 605.3596667913088, "seen__samples_total_num": 4648, "seen__samples_total_s": 7.678080081939697, "seen__organization_pr": 0.5648702383041382, "seen__organization_rec": 0.7350649237632751, "seen__organization_f1": 0.6388261914253235, "seen__location_pr": 0.8110176920890808, "seen__location_rec": 0.9381622672080994, "seen__location_f1": 0.8699690699577332, "seen__person_pr": 0.43080776929855347, "seen__person_rec": 0.8877419233322144, "seen__person_f1": 0.5801011919975281}, "test_metrics_bounds": {"unseen__f1": 0.0, "unseen__pr": 0.0, "unseen__rec": 0.0, "unseen__ner_f1": 0.5697352290153503, "unseen__ner_pr": 0.45006242394447327, "unseen__ner_rec": 0.7761033177375793, "unseen__macro_f1": 0.0, "unseen__macro_pr": 0.0, "unseen__macro_rec": 0.0, "unseen__macro_ner_f1": 0.5697352290153503, "unseen__macro_ner_pr": 0.45006242394447327, "unseen__macro_ner_rec": 0.7761033177375793, "unseen__samples_per_s": 535.4698510672173, "unseen__samples_total_num": 2238, "unseen__samples_total_s": 4.17950701713562, "seen__f1": 0.0, "seen__pr": 0.0, "seen__rec": 0.0, "seen__ner_f1": 0.8264517188072205, "seen__ner_pr": 0.7436177730560303, "seen__ner_rec": 0.9300534129142761, "seen__macro_f1": 0.0, "seen__macro_pr": 0.0, "seen__macro_rec": 0.0, "seen__macro_ner_f1": 0.8264517188072205, "seen__macro_ner_pr": 0.7436177730560303, "seen__macro_ner_rec": 0.9300534129142761, "seen__samples_per_s": 605.3596667913088, "seen__samples_total_num": 4648, "seen__samples_total_s": 7.678080081939697}}