{"test_metrics": {"unseen__f1": 0.0, "unseen__pr": 0.0, "unseen__rec": 0.0, "unseen__ner_f1": 0.5868399143218994, "unseen__ner_pr": 0.4756599962711334, "unseen__ner_rec": 0.7658476829528809, "unseen__macro_f1": 0.0, "unseen__macro_pr": 0.0, "unseen__macro_rec": 0.0, "unseen__macro_ner_f1": 0.6195738911628723, "unseen__macro_ner_pr": 0.5759714245796204, "unseen__macro_ner_rec": 0.7227227091789246, "unseen__samples_per_s": 458.984632197127, "unseen__samples_total_num": 2935, "unseen__samples_total_s": 6.394549608230591, "unseen__organization_pr": 0.5757071375846863, "unseen__organization_rec": 0.6211849451065063, "unseen__organization_f1": 0.5975820422172546, "unseen__location_pr": 0.3838275969028473, "unseen__location_rec": 0.8461900353431702, "unseen__location_f1": 0.5281080007553101, "unseen__person_pr": 0.7683794498443604, "unseen__person_rec": 0.7007930874824524, "unseen__person_f1": 0.7330317497253418, "seen__f1": 0.0, "seen__pr": 0.0, "seen__rec": 0.0, "seen__ner_f1": 0.771949291229248, "seen__ner_pr": 0.6632338762283325, "seen__ner_rec": 0.9232929348945618, "seen__macro_f1": 0.0, "seen__macro_pr": 0.0, "seen__macro_rec": 0.0, "seen__macro_ner_f1": 0.5996080040931702, "seen__macro_ner_pr": 0.47313573956489563, "seen__macro_ner_rec": 0.8845556378364563, "seen__samples_per_s": 528.8034721211752, "seen__samples_total_num": 4198, "seen__samples_total_s": 7.938677072525024, "seen__organization_pr": 0.32673266530036926, "seen__organization_rec": 0.8208954930305481, "seen__organization_f1": 0.4674220383167267, "seen__location_pr": 0.739016056060791, "seen__location_rec": 0.9282881617546082, "seen__location_f1": 0.8229089975357056, "seen__person_pr": 0.353658527135849, "seen__person_rec": 0.904483437538147, "seen__person_f1": 0.5084931254386902}, "test_metrics_bounds": {"unseen__f1": 0.0, "unseen__pr": 0.0, "unseen__rec": 0.0, "unseen__ner_f1": 0.6139509081840515, "unseen__ner_pr": 0.4976346790790558, "unseen__ner_rec": 0.8012285232543945, "unseen__macro_f1": 0.0, "unseen__macro_pr": 0.0, "unseen__macro_rec": 0.0, "unseen__macro_ner_f1": 0.6139509081840515, "unseen__macro_ner_pr": 0.4976346790790558, "unseen__macro_ner_rec": 0.8012285232543945, "unseen__samples_per_s": 458.984632197127, "unseen__samples_total_num": 2935, "unseen__samples_total_s": 6.394549608230591, "seen__f1": 0.0, "seen__pr": 0.0, "seen__rec": 0.0, "seen__ner_f1": 0.7793635725975037, "seen__ner_pr": 0.6696040034294128, "seen__ner_rec": 0.9321607947349548, "seen__macro_f1": 0.0, "seen__macro_pr": 0.0, "seen__macro_rec": 0.0, "seen__macro_ner_f1": 0.7793635725975037, "seen__macro_ner_pr": 0.6696040034294128, "seen__macro_ner_rec": 0.9321607947349548, "seen__samples_per_s": 528.8034721211752, "seen__samples_total_num": 4198, "seen__samples_total_s": 7.938677072525024}}