{"test_metrics": {"seen__f1": 0.0, "seen__pr": 0.0, "seen__rec": 0.0, "seen__ner_f1": 0.0, "seen__ner_pr": 0.0, "seen__ner_rec": 0.0, "seen__macro_f1": 0.0, "seen__macro_pr": 0.0, "seen__macro_rec": 0.0, "seen__macro_ner_f1": 0.0, "seen__macro_ner_pr": 0.0, "seen__macro_ner_rec": 0.0, "seen__samples_per_s": 541.9696124437295, "seen__samples_total_num": 1854, "seen__samples_total_s": 3.42085599899292, "seen__dna_pr": 0.0, "seen__dna_rec": 0.0, "seen__dna_f1": 0.0, "seen__rna_pr": 0.0, "seen__rna_rec": 0.0, "seen__rna_f1": 0.0, "seen__cell_type_pr": 0.0, "seen__cell_type_rec": 0.0, "seen__cell_type_f1": 0.0, "seen__protein_pr": 0.0, "seen__protein_rec": 0.0, "seen__protein_f1": 0.0, "seen__cell_line_pr": 0.0, "seen__cell_line_rec": 0.0, "seen__cell_line_f1": 0.0, "unseen__f1": 0.0, "unseen__pr": 0.0, "unseen__rec": 0.0, "unseen__ner_f1": 0.7241178750991821, "unseen__ner_pr": 0.7333595156669617, "unseen__ner_rec": 0.7151062488555908, "unseen__macro_f1": 0.0, "unseen__macro_pr": 0.0, "unseen__macro_rec": 0.0, "unseen__macro_ner_f1": 0.7272029519081116, "unseen__macro_ner_pr": 0.7507046461105347, "unseen__macro_ner_rec": 0.7068126797676086, "unseen__samples_per_s": 617.9172045066517, "unseen__samples_total_num": 1854, "unseen__samples_total_s": 3.0004019737243652, "unseen__dna_pr": 0.7115059494972229, "unseen__dna_rec": 0.6809716820716858, "unseen__dna_f1": 0.695904016494751, "unseen__rna_pr": 0.8645833134651184, "unseen__rna_rec": 0.7980769276618958, "unseen__rna_f1": 0.8299999833106995, "unseen__cell_type_pr": 0.6873949766159058, "unseen__cell_type_rec": 0.693220317363739, "unseen__cell_type_f1": 0.690295398235321, "unseen__protein_pr": 0.7462373375892639, "unseen__protein_rec": 0.7467600703239441, "unseen__protein_f1": 0.7464986443519592, "unseen__cell_line_pr": 0.7438016533851624, "unseen__cell_line_rec": 0.6150341629981995, "unseen__cell_line_f1": 0.6733166575431824}, "test_metrics_bounds": {"seen__f1": 0.0, "seen__pr": 0.0, "seen__rec": 0.0, "seen__ner_f1": 0.0, "seen__ner_pr": 0.0, "seen__ner_rec": 0.0, "seen__macro_f1": 0.0, "seen__macro_pr": 0.0, "seen__macro_rec": 0.0, "seen__macro_ner_f1": 0.0, "seen__macro_ner_pr": 0.0, "seen__macro_ner_rec": 0.0, "seen__samples_per_s": 541.9696124437295, "seen__samples_total_num": 1854, "seen__samples_total_s": 3.42085599899292, "unseen__f1": 0.0, "unseen__pr": 0.0, "unseen__rec": 0.0, "unseen__ner_f1": 0.7852987051010132, "unseen__ner_pr": 0.7956376671791077, "unseen__ner_rec": 0.7752249836921692, "unseen__macro_f1": 0.0, "unseen__macro_pr": 0.0, "unseen__macro_rec": 0.0, "unseen__macro_ner_f1": 0.7852987051010132, "unseen__macro_ner_pr": 0.7956376671791077, "unseen__macro_ner_rec": 0.7752249836921692, "unseen__samples_per_s": 617.9172045066517, "unseen__samples_total_num": 1854, "unseen__samples_total_s": 3.0004019737243652}}