{"test_metrics": {"unseen__f1": 0.0, "unseen__pr": 0.0, "unseen__rec": 0.0, "unseen__ner_f1": 0.6584457755088806, "unseen__ner_pr": 0.6640698313713074, "unseen__ner_rec": 0.6529161930084229, "unseen__macro_f1": 0.0, "unseen__macro_pr": 0.0, "unseen__macro_rec": 0.0, "unseen__macro_ner_f1": 0.5879725813865662, "unseen__macro_ner_pr": 0.5540036559104919, "unseen__macro_ner_rec": 0.6725702881813049, "unseen__samples_per_s": 664.7399375272161, "unseen__samples_total_num": 5000, "unseen__samples_total_s": 7.521738529205322, "unseen__organization_pr": 0.35708436369895935, "unseen__organization_rec": 0.5751978754997253, "unseen__organization_f1": 0.4406265914440155, "unseen__location_pr": 0.8034810423851013, "unseen__location_rec": 0.6209341883659363, "unseen__location_f1": 0.7005103826522827, "unseen__person_pr": 0.5014455318450928, "unseen__person_rec": 0.8215789198875427, "unseen__person_f1": 0.6227807402610779, "seen__f1": 0.0, "seen__pr": 0.0, "seen__rec": 0.0, "seen__ner_f1": 0.0, "seen__ner_pr": 0.0, "seen__ner_rec": 0.0, "seen__macro_f1": 0.0, "seen__macro_pr": 0.0, "seen__macro_rec": 0.0, "seen__macro_ner_f1": 0.0, "seen__macro_ner_pr": 0.0, "seen__macro_ner_rec": 0.0, "seen__samples_per_s": 0.0, "seen__samples_total_num": 0, "seen__samples_total_s": 0.0, "seen__organization_pr": 0.0, "seen__organization_rec": 0.0, "seen__organization_f1": 0.0, "seen__location_pr": 0.0, "seen__location_rec": 0.0, "seen__location_f1": 0.0, "seen__person_pr": 0.0, "seen__person_rec": 0.0, "seen__person_f1": 0.0}, "test_metrics_bounds": {"unseen__f1": 0.0, "unseen__pr": 0.0, "unseen__rec": 0.0, "unseen__ner_f1": 0.7072898149490356, "unseen__ner_pr": 0.7136013507843018, "unseen__ner_rec": 0.7010889649391174, "unseen__macro_f1": 0.0, "unseen__macro_pr": 0.0, "unseen__macro_rec": 0.0, "unseen__macro_ner_f1": 0.7072898149490356, "unseen__macro_ner_pr": 0.7136013507843018, "unseen__macro_ner_rec": 0.7010889649391174, "unseen__samples_per_s": 664.7399375272161, "unseen__samples_total_num": 5000, "unseen__samples_total_s": 7.521738529205322, "seen__f1": 0.0, "seen__pr": 0.0, "seen__rec": 0.0, "seen__ner_f1": 0.0, "seen__ner_pr": 0.0, "seen__ner_rec": 0.0, "seen__macro_f1": 0.0, "seen__macro_pr": 0.0, "seen__macro_rec": 0.0, "seen__macro_ner_f1": 0.0, "seen__macro_ner_pr": 0.0, "seen__macro_ner_rec": 0.0, "seen__samples_per_s": 0.0, "seen__samples_total_num": 0, "seen__samples_total_s": 0.0}}