{"test_metrics": {"unseen__f1": 0.0, "unseen__pr": 0.0, "unseen__rec": 0.0, "unseen__ner_f1": 0.5926229357719421, "unseen__ner_pr": 0.4818393886089325, "unseen__ner_rec": 0.7695582509040833, "unseen__macro_f1": 0.0, "unseen__macro_pr": 0.0, "unseen__macro_rec": 0.0, "unseen__macro_ner_f1": 0.6239399909973145, "unseen__macro_ner_pr": 0.5612311959266663, "unseen__macro_ner_rec": 0.747264564037323, "unseen__samples_per_s": 525.8122349862527, "unseen__samples_total_num": 2860, "unseen__samples_total_s": 5.439203977584839, "unseen__organization_pr": 0.5226939916610718, "unseen__organization_rec": 0.6959064602851868, "unseen__organization_f1": 0.5969899892807007, "unseen__location_pr": 0.38527607917785645, "unseen__location_rec": 0.8181344270706177, "unseen__location_f1": 0.5238571763038635, "unseen__person_pr": 0.7757234573364258, "unseen__person_rec": 0.7277526259422302, "unseen__person_f1": 0.7509727478027344, "seen__f1": 0.0, "seen__pr": 0.0, "seen__rec": 0.0, "seen__ner_f1": 0.7666869759559631, "seen__ner_pr": 0.6747207641601562, "seen__ner_rec": 0.8876801133155823, "seen__macro_f1": 0.0, "seen__macro_pr": 0.0, "seen__macro_rec": 0.0, "seen__macro_ner_f1": 0.5995693206787109, "seen__macro_ner_pr": 0.4832405745983124, "seen__macro_ner_rec": 0.8663371205329895, "seen__samples_per_s": 570.4965193942518, "seen__samples_total_num": 4408, "seen__samples_total_s": 7.726602792739868, "seen__organization_pr": 0.3366174101829529, "seen__organization_rec": 0.8367347121238708, "seen__organization_f1": 0.48009371757507324, "seen__location_pr": 0.7696977853775024, "seen__location_rec": 0.8911966681480408, "seen__location_f1": 0.8260033130645752, "seen__person_pr": 0.3434065878391266, "seen__person_rec": 0.8710801601409912, "seen__person_f1": 0.4926108717918396}, "test_metrics_bounds": {"unseen__f1": 0.0, "unseen__pr": 0.0, "unseen__rec": 0.0, "unseen__ner_f1": 0.6223360896110535, "unseen__ner_pr": 0.5059980154037476, "unseen__ner_rec": 0.8081426024436951, "unseen__macro_f1": 0.0, "unseen__macro_pr": 0.0, "unseen__macro_rec": 0.0, "unseen__macro_ner_f1": 0.6223360896110535, "unseen__macro_ner_pr": 0.5059980154037476, "unseen__macro_ner_rec": 0.8081426024436951, "unseen__samples_per_s": 525.8122349862527, "unseen__samples_total_num": 2860, "unseen__samples_total_s": 5.439203977584839, "seen__f1": 0.0, "seen__pr": 0.0, "seen__rec": 0.0, "seen__ner_f1": 0.7715680599212646, "seen__ner_pr": 0.6790163516998291, "seen__ner_rec": 0.8933314681053162, "seen__macro_f1": 0.0, "seen__macro_pr": 0.0, "seen__macro_rec": 0.0, "seen__macro_ner_f1": 0.7715680599212646, "seen__macro_ner_pr": 0.6790163516998291, "seen__macro_ner_rec": 0.8933314681053162, "seen__samples_per_s": 570.4965193942518, "seen__samples_total_num": 4408, "seen__samples_total_s": 7.726602792739868}}