{"test_metrics": {"seen__f1": 0.0, "seen__pr": 0.0, "seen__rec": 0.0, "seen__ner_f1": 0.0, "seen__ner_pr": 0.0, "seen__ner_rec": 0.0, "seen__macro_f1": 0.0, "seen__macro_pr": 0.0, "seen__macro_rec": 0.0, "seen__macro_ner_f1": 0.0, "seen__macro_ner_pr": 0.0, "seen__macro_ner_rec": 0.0, "seen__samples_per_s": 0.0, "seen__samples_total_num": 0, "seen__samples_total_s": 0.0, "seen__task_pr": 0.0, "seen__task_rec": 0.0, "seen__task_f1": 0.0, "seen__method_pr": 0.0, "seen__method_rec": 0.0, "seen__method_f1": 0.0, "seen__material_pr": 0.0, "seen__material_rec": 0.0, "seen__material_f1": 0.0, "seen__otherscientificterm_pr": 0.0, "seen__otherscientificterm_rec": 0.0, "seen__otherscientificterm_f1": 0.0, "seen__metric_pr": 0.0, "seen__metric_rec": 0.0, "seen__metric_f1": 0.0, "seen__generic_pr": 0.0, "seen__generic_rec": 0.0, "seen__generic_f1": 0.0, "unseen__f1": 0.0, "unseen__pr": 0.0, "unseen__rec": 0.0, "unseen__ner_f1": 0.5893571376800537, "unseen__ner_pr": 0.6070975661277771, "unseen__ner_rec": 0.5726240277290344, "unseen__macro_f1": 0.0, "unseen__macro_pr": 0.0, "unseen__macro_rec": 0.0, "unseen__macro_ner_f1": 0.5597701668739319, "unseen__macro_ner_pr": 0.5903979539871216, "unseen__macro_ner_rec": 0.5436055660247803, "unseen__samples_per_s": 466.98766457424585, "unseen__samples_total_num": 529, "unseen__samples_total_s": 1.1327922344207764, "unseen__task_pr": 0.5793358087539673, "unseen__task_rec": 0.5992366671562195, "unseen__task_f1": 0.589118242263794, "unseen__method_pr": 0.7220902442932129, "unseen__method_rec": 0.7152941226959229, "unseen__method_f1": 0.7186761498451233, "unseen__material_pr": 0.5473684072494507, "unseen__material_rec": 0.6582278609275818, "unseen__material_f1": 0.5977011919021606, "unseen__otherscientificterm_pr": 0.5828220844268799, "unseen__otherscientificterm_rec": 0.5512572526931763, "unseen__otherscientificterm_f1": 0.5666003823280334, "unseen__metric_pr": 0.6170212626457214, "unseen__metric_rec": 0.4084506928920746, "unseen__metric_f1": 0.49152544140815735, "unseen__generic_pr": 0.4937500059604645, "unseen__generic_rec": 0.3291666805744171, "unseen__generic_f1": 0.39500004053115845}, "test_metrics_bounds": {"seen__f1": 0.0, "seen__pr": 0.0, "seen__rec": 0.0, "seen__ner_f1": 0.0, "seen__ner_pr": 0.0, "seen__ner_rec": 0.0, "seen__macro_f1": 0.0, "seen__macro_pr": 0.0, "seen__macro_rec": 0.0, "seen__macro_ner_f1": 0.0, "seen__macro_ner_pr": 0.0, "seen__macro_ner_rec": 0.0, "seen__samples_per_s": 0.0, "seen__samples_total_num": 0, "seen__samples_total_s": 0.0, "unseen__f1": 0.0, "unseen__pr": 0.0, "unseen__rec": 0.0, "unseen__ner_f1": 0.7378461956977844, "unseen__ner_pr": 0.7603043913841248, "unseen__ner_rec": 0.716676652431488, "unseen__macro_f1": 0.0, "unseen__macro_pr": 0.0, "unseen__macro_rec": 0.0, "unseen__macro_ner_f1": 0.7378461956977844, "unseen__macro_ner_pr": 0.7603043913841248, "unseen__macro_ner_rec": 0.716676652431488, "unseen__samples_per_s": 466.98766457424585, "unseen__samples_total_num": 529, "unseen__samples_total_s": 1.1327922344207764}}