{"test_metrics": {"seen__f1": 0.0, "seen__pr": 0.0, "seen__rec": 0.0, "seen__ner_f1": 0.36344537138938904, "seen__ner_pr": 0.24027778208255768, "seen__ner_rec": 0.7456896305084229, "seen__macro_f1": 0.0, "seen__macro_pr": 0.0, "seen__macro_rec": 0.0, "seen__macro_ner_f1": 0.24831508100032806, "seen__macro_ner_pr": 0.19611485302448273, "seen__macro_ner_rec": 0.5932207703590393, "seen__samples_per_s": 206.64226636058675, "seen__samples_total_num": 190, "seen__samples_total_s": 0.9194633960723877, "seen__task_pr": 0.072727270424366, "seen__task_rec": 0.7272727489471436, "seen__task_f1": 0.13223139941692352, "seen__method_pr": 0.0794702023267746, "seen__method_rec": 0.7058823704719543, "seen__method_f1": 0.1428571492433548, "seen__material_pr": 0.1230769231915474, "seen__material_rec": 0.5, "seen__material_f1": 0.1975308656692505, "seen__otherscientificterm_pr": 0.055837564170360565, "seen__otherscientificterm_rec": 0.5789473652839661, "seen__otherscientificterm_f1": 0.10185185074806213, "seen__metric_pr": 0.08695652335882187, "seen__metric_rec": 0.2222222238779068, "seen__metric_f1": 0.125, "seen__generic_pr": 0.7586206793785095, "seen__generic_rec": 0.824999988079071, "seen__generic_f1": 0.7904191613197327, "unseen__f1": 0.0, "unseen__pr": 0.0, "unseen__rec": 0.0, "unseen__ner_f1": 0.5607535243034363, "unseen__ner_pr": 0.5120412707328796, "unseen__ner_rec": 0.6197085380554199, "unseen__macro_f1": 0.0, "unseen__macro_pr": 0.0, "unseen__macro_rec": 0.0, "unseen__macro_ner_f1": 0.5331988334655762, "unseen__macro_ner_pr": 0.5044981241226196, "unseen__macro_ner_rec": 0.5919079780578613, "unseen__samples_per_s": 365.2858056759407, "unseen__samples_total_num": 518, "unseen__samples_total_s": 1.4180676937103271, "unseen__task_pr": 0.5744680762290955, "unseen__task_rec": 0.6454183459281921, "unseen__task_f1": 0.6078799366950989, "unseen__method_pr": 0.6866359710693359, "unseen__method_rec": 0.7303921580314636, "unseen__method_f1": 0.7078384757041931, "unseen__material_pr": 0.5479452013969421, "unseen__material_rec": 0.5633803009986877, "unseen__material_f1": 0.5555555820465088, "unseen__otherscientificterm_pr": 0.48691099882125854, "unseen__otherscientificterm_rec": 0.5602409839630127, "unseen__otherscientificterm_f1": 0.5210084319114685, "unseen__metric_pr": 0.5737704634666443, "unseen__metric_rec": 0.5645161271095276, "unseen__metric_f1": 0.5691056251525879, "unseen__generic_pr": 0.1572580635547638, "unseen__generic_rec": 0.48750001192092896, "unseen__generic_f1": 0.23780487477779388}, "test_metrics_bounds": {"seen__f1": 0.0, "seen__pr": 0.0, "seen__rec": 0.0, "seen__ner_f1": 0.38445377349853516, "seen__ner_pr": 0.2541666626930237, "seen__ner_rec": 0.7887930870056152, "seen__macro_f1": 0.0, "seen__macro_pr": 0.0, "seen__macro_rec": 0.0, "seen__macro_ner_f1": 0.38445377349853516, "seen__macro_ner_pr": 0.2541666626930237, "seen__macro_ner_rec": 0.7887930870056152, "seen__samples_per_s": 206.64226636058675, "seen__samples_total_num": 190, "seen__samples_total_s": 0.9194633960723877, "unseen__f1": 0.0, "unseen__pr": 0.0, "unseen__rec": 0.0, "unseen__ner_f1": 0.7133437991142273, "unseen__ner_pr": 0.6513761281967163, "unseen__ner_rec": 0.7883414030075073, "unseen__macro_f1": 0.0, "unseen__macro_pr": 0.0, "unseen__macro_rec": 0.0, "unseen__macro_ner_f1": 0.7133437991142273, "unseen__macro_ner_pr": 0.6513761281967163, "unseen__macro_ner_rec": 0.7883414030075073, "unseen__samples_per_s": 365.2858056759407, "unseen__samples_total_num": 518, "unseen__samples_total_s": 1.4180676937103271}}